Name,Region,state,summit_elev,vertical_drop,base_elev,trams,fastSixes,fastQuads,quad,triple,double,surface,total_chairs,Runs,TerrainParks,LongestRun_mi,SkiableTerrain_ac,Snow Making_ac,daysOpenLastYear,yearsOpen,averageSnowfall,AdultWeekend,projectedDaysOpen,NightSkiing_ac,resorts_per_state,resorts_per_100kcapita,resorts_per_100ksq_mile,resort_skiable_area_ac_state_ratio,resort_days_open_state_ratio,resort_terrain_park_state_ratio,resort_night_skiing_state_ratio,total_chairs_runs_ratio,total_chairs_skiable_ratio,fastQuads_runs_ratio,fastQuads_skiable_ratio
Alyeska Resort,Alaska,Alaska,3939,2500,250,1,0,2,2,0,0,2,7,76.0,2.0,1.0,1610.0,113.0,150.0,60.0,669.0,85.0,150.0,550.0,3,0.4100909718472548,0.4508674690103759,0.706140350877193,0.4347826086956521,0.5,0.9482758620689656,0.0921052631578947,0.0043478260869565,0.0263157894736842,0.0012422360248447
Eaglecrest Ski Area,Alaska,Alaska,2600,1540,1200,0,0,0,0,0,4,0,4,36.0,1.0,2.0,640.0,60.0,45.0,44.0,350.0,53.0,90.0,,3,0.4100909718472548,0.4508674690103759,0.2807017543859649,0.1304347826086956,0.25,,0.1111111111111111,0.00625,0.0,0.0
Hilltop Ski Area,Alaska,Alaska,2090,294,1796,0,0,0,0,1,0,2,3,13.0,1.0,1.0,30.0,30.0,150.0,36.0,69.0,34.0,152.0,30.0,3,0.4100909718472548,0.4508674690103759,0.0131578947368421,0.4347826086956521,0.25,0.0517241379310344,0.2307692307692307,0.1,0.0,0.0
Arizona Snowbowl,Arizona,Arizona,11500,2300,9200,0,1,0,2,2,1,2,8,55.0,4.0,2.0,777.0,104.0,122.0,81.0,260.0,89.0,122.0,,2,0.0274773699815503,1.7545398719185894,0.4927076727964489,0.5147679324894515,0.6666666666666666,,0.1454545454545454,0.0102960102960102,0.0,0.0
Sunrise Park Resort,Arizona,Arizona,11100,1800,9200,0,0,1,2,3,1,0,7,65.0,2.0,1.2,800.0,80.0,115.0,49.0,250.0,78.0,104.0,80.0,2,0.0274773699815503,1.7545398719185894,0.507292327203551,0.4852320675105485,0.3333333333333333,1.0,0.1076923076923077,0.00875,0.0153846153846153,0.00125
Yosemite Ski & Snowboard Area,Northern California,California,7800,600,7200,0,0,0,0,1,3,1,5,10.0,2.0,0.4,88.0,,110.0,84.0,300.0,47.0,107.0,,21,0.0531481106492034,12.828736369467608,0.0033913981809773,0.0401753104455807,0.0246913580246913,,0.5,0.0568181818181818,0.0,0.0
Dodge Ridge,Sierra Nevada,California,8200,1600,6600,0,0,0,1,2,5,4,12,67.0,5.0,2.0,862.0,,,69.0,350.0,78.0,140.0,,21,0.0531481106492034,12.828736369467608,0.0332202867273007,,0.0617283950617283,,0.1791044776119403,0.0139211136890951,0.0,0.0
Donner Ski Ranch,Sierra Nevada,California,8012,750,7031,0,0,0,0,1,5,2,8,52.0,2.0,1.5,505.0,60.0,163.0,82.0,400.0,75.0,170.0,,21,0.0531481106492034,12.828736369467608,0.0194620009249267,0.0595325054784514,0.0246913580246913,,0.1538461538461538,0.0158415841584158,0.0,0.0
Mammoth Mountain Ski Area,Sierra Nevada,California,11053,3100,7953,3,2,9,1,6,4,0,25,154.0,7.0,3.0,3500.0,700.0,243.0,66.0,400.0,159.0,,,21,0.0531481106492034,12.828736369467608,0.1348851549252351,0.0887509130752374,0.0864197530864197,,0.1623376623376623,0.0071428571428571,0.0584415584415584,0.0025714285714285
Mt. Shasta Ski Park,Sierra Nevada,California,6890,1435,5500,0,0,0,0,3,0,1,4,32.0,2.0,1.1,425.0,225.0,140.0,34.0,300.0,59.0,130.0,,21,0.0531481106492034,12.828736369467608,0.0163789116694928,0.0511322132943754,0.0246913580246913,,0.125,0.0094117647058823,0.0,0.0
Mountain High,Sierra Nevada,California,8200,1600,6600,0,0,2,2,2,5,3,14,59.0,1.0,1.6,290.0,275.0,118.0,95.0,108.0,84.0,150.0,73.0,21,0.0531481106492034,12.828736369467608,0.011176198550948,0.0430971512052593,0.0123456790123456,0.1243611584327086,0.2372881355932203,0.0482758620689655,0.0338983050847457,0.0068965517241379
Mt. Baldy,Sierra Nevada,California,8600,2100,6500,0,0,0,0,0,4,0,4,26.0,,2.5,400.0,80.0,175.0,67.0,178.0,69.0,200.0,,21,0.0531481106492034,12.828736369467608,0.0154154462771697,0.0639152666179693,,,0.1538461538461538,0.01,0.0,0.0
Ski China Peak,Sierra Nevada,California,8709,1679,7030,0,0,0,1,4,2,4,11,45.0,1.0,2.2,1400.0,150.0,140.0,62.0,300.0,83.0,144.0,,21,0.0531481106492034,12.828736369467608,0.053954061970094,0.0511322132943754,0.0123456790123456,,0.2444444444444444,0.0078571428571428,0.0,0.0
Snow Valley,Sierra Nevada,California,7841,1041,6800,0,0,0,0,5,6,1,12,28.0,6.0,1.2,240.0,188.0,111.0,82.0,160.0,79.0,143.0,164.0,21,0.0531481106492034,12.828736369467608,0.0092492677663018,0.0405405405405405,0.074074074074074,0.2793867120954003,0.4285714285714285,0.05,0.0,0.0
Soda Springs,Sierra Nevada,California,7352,652,6700,0,0,0,0,1,1,2,4,18.0,,0.4,200.0,20.0,150.0,83.0,400.0,50.0,144.0,,21,0.0531481106492034,12.828736369467608,0.0077077231385848,0.0547845142439737,,,0.2222222222222222,0.02,0.0,0.0
Sugar Bowl Resort,Sierra Nevada,California,8383,1500,6883,1,0,5,3,1,0,2,12,105.0,3.0,3.0,1650.0,375.0,151.0,80.0,500.0,125.0,150.0,,21,0.0531481106492034,12.828736369467608,0.0635887158933251,0.0551497443389335,0.037037037037037,,0.1142857142857142,0.0072727272727272,0.0476190476190476,0.003030303030303
Tahoe Donner,Sierra Nevada,California,7350,600,6750,0,0,0,1,1,0,3,5,14.0,2.0,1.0,120.0,,150.0,48.0,400.0,69.0,144.0,,21,0.0531481106492034,12.828736369467608,0.0046246338831509,0.0547845142439737,0.0246913580246913,,0.3571428571428571,0.0416666666666666,0.0,0.0
Arapahoe Basin Ski Area,Colorado,Colorado,13050,2530,10780,0,0,1,2,1,2,3,9,145.0,3.0,1.5,1428.0,125.0,230.0,73.0,350.0,85.0,233.0,,22,0.3820282784277661,21.13474359713336,0.0326908108603085,0.0705954573357888,0.0405405405405405,,0.0620689655172413,0.0063025210084033,0.0068965517241379,0.0007002801120448
Aspen / Snowmass,Colorado,Colorado,12510,4406,8104,3,1,15,4,3,5,9,40,336.0,10.0,5.3,5517.0,658.0,138.0,72.0,300.0,179.0,138.0,,22,0.3820282784277661,21.13474359713336,0.1262991621262762,0.0423572744014733,0.1351351351351351,,0.119047619047619,0.0072503172013775,0.0446428571428571,0.0027188689505165
Copper Mountain Resort,Colorado,Colorado,12313,2738,9712,1,2,4,0,4,4,9,24,150.0,6.0,1.7,2527.0,364.0,164.0,47.0,300.0,158.0,164.0,,22,0.3820282784277661,21.13474359713336,0.0578499152969186,0.0503376304481276,0.081081081081081,,0.16,0.0094974277799762,0.0266666666666666,0.001582904629996
Purgatory,Colorado,Colorado,10822,2029,8793,0,1,2,0,3,3,3,12,101.0,9.0,1.3,1605.0,250.0,130.0,54.0,260.0,89.0,130.0,,22,0.3820282784277661,21.13474359713336,0.036742823130809,0.0399017802332719,0.1216216216216216,,0.1188118811881188,0.0074766355140186,0.0198019801980198,0.0012461059190031
Howelsen Hill,Colorado,Colorado,7136,440,6696,0,0,0,0,0,1,3,4,17.0,1.0,6.0,50.0,25.0,100.0,104.0,150.0,25.0,100.0,10.0,22,0.3820282784277661,21.13474359713336,0.0011446362346046,0.0306936771025168,0.0135135135135135,0.0233644859813084,0.2352941176470588,0.08,0.0,0.0
Loveland,Colorado,Colorado,13010,2210,10800,0,0,1,3,3,2,1,10,94.0,1.0,2.0,1800.0,240.0,205.0,82.0,422.0,79.0,184.0,,22,0.3820282784277661,21.13474359713336,0.0412069044457671,0.0629220380601596,0.0135135135135135,,0.1063829787234042,0.0055555555555555,0.0106382978723404,0.0005555555555555
Monarch Mountain,Colorado,Colorado,11952,1162,10790,0,0,0,1,0,4,2,7,64.0,2.0,1.0,800.0,,143.0,80.0,350.0,89.0,136.0,,22,0.3820282784277661,21.13474359713336,0.0183141797536742,0.0438919582565991,0.027027027027027,,0.109375,0.00875,0.0,0.0
Powderhorn,Colorado,Colorado,9850,1650,8200,0,0,1,0,0,2,2,5,42.0,2.0,1.5,1600.0,42.0,111.0,53.0,250.0,71.0,110.0,,22,0.3820282784277661,21.13474359713336,0.0366283595073485,0.0340699815837937,0.027027027027027,,0.119047619047619,0.003125,0.0238095238095238,0.000625
Silverton Mountain,Colorado,Colorado,13487,3087,10400,0,0,0,0,0,1,0,1,,,1.5,1819.0,,175.0,17.0,400.0,79.0,181.0,,22,0.3820282784277661,21.13474359713336,0.0416418662149168,0.0537139349294045,,,,0.0005497526113249,,0.0
Cooper,Colorado,Colorado,11700,1200,10500,0,0,0,0,1,1,2,4,41.0,1.0,1.0,400.0,,130.0,74.0,260.0,56.0,130.0,,22,0.3820282784277661,21.13474359713336,0.0091570898768371,0.0399017802332719,0.0135135135135135,,0.0975609756097561,0.01,0.0,0.0
Ski Granby Ranch,Colorado,Colorado,9202,1000,8202,0,0,2,0,1,1,1,5,40.0,1.0,0.6,406.0,170.0,116.0,36.0,220.0,84.0,92.0,100.0,22,0.3820282784277661,21.13474359713336,0.0092944462249896,0.0356046654389195,0.0135135135135135,0.2336448598130841,0.125,0.0123152709359605,0.05,0.0049261083743842
Sunlight Mountain Resort,Colorado,Colorado,9895,2010,7885,0,0,0,0,1,2,0,3,67.0,1.0,2.5,680.0,30.0,100.0,53.0,250.0,65.0,135.0,,22,0.3820282784277661,21.13474359713336,0.0155670527906231,0.0306936771025168,0.0135135135135135,,0.044776119402985,0.0044117647058823,0.0,0.0
Telluride,Colorado,Colorado,13150,4425,8725,2,0,6,1,2,2,4,17,148.0,3.0,4.6,2000.0,220.0,131.0,47.0,280.0,139.0,137.0,,22,0.3820282784277661,21.13474359713336,0.0457854493841857,0.0402087170042971,0.0405405405405405,,0.1148648648648648,0.0085,0.0405405405405405,0.003
Wolf Creek Ski Area,Colorado,Colorado,11904,1604,10300,0,0,3,1,2,1,3,10,120.0,,2.0,1600.0,5.0,130.0,80.0,430.0,72.0,150.0,,22,0.3820282784277661,21.13474359713336,0.0366283595073485,0.0399017802332719,,,0.0833333333333333,0.00625,0.025,0.001875
Mohawk Mountain,Connecticut,Connecticut,1600,650,950,0,0,0,0,5,0,3,8,25.0,,1.5,107.0,100.0,,72.0,92.0,65.0,110.0,64.0,5,0.1402415183332127,90.20386072523904,0.2988826815642458,,,0.25,0.32,0.0747663551401869,0.0,0.0
Mount Southington Ski Area,Connecticut,Connecticut,525,425,100,0,0,0,0,2,2,3,7,14.0,2.0,0.3,51.0,51.0,63.0,55.0,80.0,60.0,95.0,51.0,5,0.1402415183332127,90.20386072523904,0.1424581005586592,0.178470254957507,0.2,0.19921875,0.5,0.1372549019607843,0.0,0.0
Powder Ridge Park,Connecticut,Connecticut,720,550,170,0,0,0,0,1,2,2,5,19.0,4.0,0.5,80.0,68.0,80.0,60.0,80.0,55.0,100.0,40.0,5,0.1402415183332127,90.20386072523904,0.2234636871508379,0.2266288951841359,0.4,0.15625,0.2631578947368421,0.0625,0.0,0.0
Ski Sundown,Connecticut,Connecticut,1075,625,450,0,0,0,0,3,0,2,5,16.0,2.0,1.0,70.0,70.0,84.0,50.0,45.0,62.0,95.0,66.0,5,0.1402415183332127,90.20386072523904,0.1955307262569832,0.2379603399433427,0.2,0.2578125,0.3125,0.0714285714285714,0.0,0.0
Woodbury Ski Area,Connecticut,Connecticut,730,300,430,0,0,0,0,0,1,4,5,12.0,2.0,0.2,50.0,50.0,126.0,57.0,70.0,42.0,180.0,35.0,5,0.1402415183332127,90.20386072523904,0.1396648044692737,0.3569405099150141,0.2,0.13671875,0.4166666666666667,0.1,0.0,0.0
Bogus Basin,Idaho,Idaho,7582,1800,5800,0,0,3,0,1,3,4,11,91.0,3.0,1.5,2600.0,,134.0,77.0,250.0,64.0,130.0,165.0,12,0.6714920833881253,14.359391640440831,0.1585752622590875,0.1179577464788732,0.1111111111111111,0.3975903614457831,0.1208791208791208,0.0042307692307692,0.0329670329670329,0.0011538461538461
Brundage Mountain Resort,Idaho,Idaho,7640,1800,5840,0,0,1,0,4,0,1,6,51.0,2.0,3.2,1920.0,2.0,126.0,58.0,320.0,70.0,,,12,0.6714920833881253,14.359391640440831,0.1171017321297877,0.1109154929577464,0.074074074074074,,0.1176470588235294,0.003125,0.0196078431372549,0.0005208333333333
Kelly Canyon Ski Area,Idaho,Idaho,6600,1000,5600,0,0,0,0,0,4,2,6,51.0,1.0,1.3,740.0,,,62.0,200.0,42.0,,,12,0.6714920833881253,14.359391640440831,0.0451329592583557,,0.037037037037037,,0.1176470588235294,0.0081081081081081,0.0,0.0
Lookout Pass Ski Area,Idaho,Idaho,5650,1150,4500,0,0,0,0,1,3,0,4,35.0,2.0,1.5,540.0,,113.0,84.0,400.0,47.0,140.0,,12,0.6714920833881253,14.359391640440831,0.0329348621615028,0.0994718309859155,0.074074074074074,,0.1142857142857142,0.0074074074074074,0.0,0.0
Magic Mountain Ski Area,Idaho,Idaho,7200,700,6500,0,0,0,0,0,1,2,3,11.0,,1.5,280.0,,65.0,81.0,180.0,32.0,70.0,,12,0.6714920833881253,14.359391640440831,0.017077335935594,0.0572183098591549,,,0.2727272727272727,0.0107142857142857,0.0,0.0
Pebble Creek Ski Area,Idaho,Idaho,8560,2200,6360,0,0,0,0,3,0,0,3,54.0,2.0,1.3,1100.0,30.0,85.0,70.0,250.0,47.0,91.0,30.0,12,0.6714920833881253,14.359391640440831,0.0670895340326909,0.0748239436619718,0.074074074074074,0.072289156626506,0.0555555555555555,0.0027272727272727,0.0,0.0
Schweitzer,Idaho,Idaho,6400,2400,4000,0,1,2,0,1,3,2,9,92.0,3.0,2.1,2900.0,47.0,136.0,56.0,300.0,81.0,,100.0,12,0.6714920833881253,14.359391640440831,0.1768724079043669,0.1197183098591549,0.1111111111111111,0.2409638554216867,0.0978260869565217,0.003103448275862,0.0217391304347826,0.0006896551724137
Silver Mountain,Idaho,Idaho,6300,2200,4100,1,0,0,1,2,2,1,7,80.0,2.0,2.5,1600.0,225.0,130.0,29.0,300.0,62.0,193.0,20.0,12,0.6714920833881253,14.359391640440831,0.0975847767748231,0.1144366197183098,0.074074074074074,0.0481927710843373,0.0875,0.004375,0.0,0.0
Soldier Mountain Ski Area,Idaho,Idaho,7200,1400,5800,0,0,0,0,0,2,1,3,36.0,,0.4,1142.0,,60.0,71.0,,43.0,,,12,0.6714920833881253,14.359391640440831,0.06965113442303,0.0528169014084507,,,0.0833333333333333,0.0026269702276707,0.0,0.0
Tamarack Resort,Idaho,Idaho,7700,2800,4900,0,0,2,2,0,0,2,6,48.0,3.0,1.5,1020.0,200.0,,15.0,300.0,71.0,150.0,,12,0.6714920833881253,14.359391640440831,0.0622102951939497,,0.1111111111111111,,0.125,0.0058823529411764,0.0416666666666666,0.0019607843137254
Chestnut Mountain Resort,Illinois,Illinois,1040,475,565,0,0,0,2,4,0,3,9,22.0,3.0,0.2,139.0,139.0,87.0,60.0,50.0,55.0,112.0,139.0,4,0.0315661024567818,6.906792830749041,0.7277486910994765,0.3936651583710407,0.5,0.7277486910994765,0.4090909090909091,0.0647482014388489,0.0,0.0
Ski Snowstar Winter Sports Park,Illinois,Illinois,790,262,528,0,0,0,2,0,2,2,6,15.0,1.0,0.8,28.0,28.0,56.0,38.0,38.0,35.0,86.0,28.0,4,0.0315661024567818,6.906792830749041,0.1465968586387434,0.253393665158371,0.1666666666666666,0.1465968586387434,0.4,0.2142857142857142,0.0,0.0
Villa Olivia,Illinois,Illinois,500,180,320,0,0,0,1,0,0,6,7,7.0,1.0,0.1,15.0,15.0,,53.0,25.0,40.0,70.0,15.0,4,0.0315661024567818,6.906792830749041,0.0785340314136125,,0.1666666666666666,0.0785340314136125,1.0,0.4666666666666667,0.0,0.0
Paoli Peaks,Indiana,Indiana,900,300,600,0,0,1,1,3,1,2,8,15.0,2.0,0.4,65.0,65.0,75.0,41.0,18.0,45.0,80.0,65.0,2,0.0297078868052272,5.491488193300384,0.3939393939393939,0.4777070063694267,0.5,0.3939393939393939,0.5333333333333333,0.123076923076923,0.0666666666666666,0.0153846153846153
Perfect North Slopes,Indiana,Indiana,800,400,400,0,0,0,2,3,0,6,11,23.0,2.0,1.0,100.0,100.0,82.0,39.0,24.0,52.0,90.0,100.0,2,0.0297078868052272,5.491488193300384,0.6060606060606061,0.5222929936305732,0.5,0.6060606060606061,0.4782608695652174,0.11,0.0,0.0
Mt. Crescent Ski Area,Iowa,Iowa,1500,300,1200,0,0,0,1,0,1,0,2,11.0,1.0,0.2,50.0,50.0,,58.0,30.0,39.0,,50.0,3,0.0950850535804277,5.3311534839088015,0.3571428571428571,,0.2,0.3571428571428571,0.1818181818181818,0.04,0.0,0.0
Seven Oaks,Iowa,Iowa,975,275,800,0,0,0,0,2,0,2,4,11.0,2.0,1.0,35.0,35.0,100.0,22.0,40.0,40.0,100.0,35.0,3,0.0950850535804277,5.3311534839088015,0.25,1.0,0.4,0.25,0.3636363636363636,0.1142857142857142,0.0,0.0
Sundown Mountain,Iowa,Iowa,1059,475,584,0,0,0,1,1,2,2,6,21.0,2.0,0.6,55.0,55.0,,46.0,45.0,46.0,,55.0,3,0.0950850535804277,5.3311534839088015,0.3928571428571428,,0.4,0.3928571428571428,0.2857142857142857,0.109090909090909,0.0,0.0
Big Squaw Mountain Ski Resort,Maine,Maine,3200,660,1750,0,0,0,0,1,0,0,1,29.0,,0.8,,,67.0,6.0,,30.0,58.0,,9,0.6695372456130432,25.43810062182024,,0.0774566473988439,,,0.0344827586206896,,0.0,
Camden Snow Bowl,Maine,Maine,1080,850,150,0,0,0,0,1,1,1,3,26.0,2.0,1.0,100.0,48.0,68.0,83.0,69.0,43.0,70.0,48.0,9,0.6695372456130432,25.43810062182024,0.031094527363184,0.0786127167630057,0.1176470588235294,0.1237113402061855,0.1153846153846153,0.03,0.0,0.0
Lost Valley,Maine,Maine,495,240,255,0,0,0,0,0,2,2,4,22.0,2.0,0.3,45.0,45.0,87.0,58.0,50.0,55.0,104.0,45.0,9,0.6695372456130432,25.43810062182024,0.0139925373134328,0.1005780346820809,0.1176470588235294,0.1159793814432989,0.1818181818181818,0.0888888888888888,0.0,0.0
Mt. Abram Ski Resort,Maine,Maine,2250,1150,1050,0,0,0,0,0,2,3,5,54.0,1.0,0.5,640.0,175.0,120.0,59.0,125.0,49.0,120.0,,9,0.6695372456130432,25.43810062182024,0.1990049751243781,0.1387283236994219,0.0588235294117647,,0.0925925925925925,0.0078125,0.0,0.0
New Hermon Mountain,Maine,Maine,450,350,100,0,0,0,0,0,1,2,3,20.0,,1.9,70.0,70.0,102.0,55.0,90.0,32.0,117.0,45.0,9,0.6695372456130432,25.43810062182024,0.0217661691542288,0.1179190751445086,,0.1159793814432989,0.15,0.0428571428571428,0.0,0.0
Shawnee Peak,Maine,Maine,1900,1350,600,0,0,0,1,2,1,2,6,43.0,3.0,0.8,239.0,234.0,97.0,81.0,110.0,75.0,103.0,110.0,9,0.6695372456130432,25.43810062182024,0.0743159203980099,0.1121387283236994,0.1764705882352941,0.2835051546391752,0.1395348837209302,0.0251046025104602,0.0,0.0
Sugarloaf,Maine,Maine,4237,2820,1417,0,0,2,3,1,5,2,13,162.0,4.0,3.5,1240.0,618.0,159.0,68.0,200.0,99.0,155.0,,9,0.6695372456130432,25.43810062182024,0.3855721393034826,0.1838150289017341,0.2352941176470588,,0.0802469135802469,0.0104838709677419,0.0123456790123456,0.0016129032258064
Sunday River,Maine,Maine,3140,2340,800,1,0,4,5,3,1,1,15,135.0,5.0,3.0,870.0,552.0,165.0,60.0,167.0,105.0,169.0,140.0,9,0.6695372456130432,25.43810062182024,0.2705223880597014,0.1907514450867052,0.2941176470588235,0.3608247422680412,0.1111111111111111,0.0172413793103448,0.0296296296296296,0.0045977011494252
Wisp,Maryland,Maryland,3115,700,2415,0,0,0,2,5,0,5,12,34.0,3.0,1.5,172.0,118.0,121.0,64.0,100.0,79.0,120.0,118.0,1,0.016540736525916,8.060615831049493,1.0,1.0,1.0,1.0,0.3529411764705882,0.0697674418604651,0.0,0.0
Berkshire East,Massachusetts,Massachusetts,1720,1180,540,0,0,0,2,1,1,2,6,47.0,2.0,2.0,180.0,165.0,120.0,68.0,120.0,68.0,120.0,80.0,11,0.1595936918707181,104.22588592003032,0.1543739279588336,0.1788375558867362,0.1111111111111111,0.137221269296741,0.1276595744680851,0.0333333333333333,0.0,0.0
Blandford Ski Area,Massachusetts,Massachusetts,1685,465,1035,0,0,0,0,0,3,2,5,29.0,2.0,0.5,132.0,70.0,,83.0,50.0,45.0,,70.0,11,0.1595936918707181,104.22588592003032,0.1132075471698113,,0.1111111111111111,0.1200686106346483,0.1724137931034483,0.0378787878787878,0.0,0.0
Blue Hills Ski Area,Massachusetts,Massachusetts,635,309,326,0,0,0,0,0,1,3,4,16.0,1.0,,60.0,60.0,,19.0,,45.0,,,11,0.1595936918707181,104.22588592003032,0.0514579759862778,,0.0555555555555555,,0.25,0.0666666666666666,0.0,0.0
Bousquet Ski Area,Massachusetts,Massachusetts,1875,750,1125,0,0,0,0,0,3,2,5,23.0,1.0,1.0,200.0,98.0,,19.0,83.0,49.0,,100.0,11,0.1595936918707181,104.22588592003032,0.1715265866209262,,0.0555555555555555,0.1715265866209262,0.217391304347826,0.025,0.0,0.0
Bradford Ski Area,Massachusetts,Massachusetts,1548,248,1300,0,0,0,0,2,0,8,10,15.0,1.0,0.3,48.0,48.0,,71.0,,55.0,,,11,0.1595936918707181,104.22588592003032,0.0411663807890223,,0.0555555555555555,,0.6666666666666666,0.2083333333333333,0.0,0.0
Jiminy Peak,Massachusetts,Massachusetts,2380,1150,1230,0,1,0,2,3,1,2,9,45.0,3.0,2.0,167.0,163.0,121.0,71.0,90.0,81.0,120.0,104.0,11,0.1595936918707181,104.22588592003032,0.1432246998284734,0.180327868852459,0.1666666666666666,0.1783876500857633,0.2,0.0538922155688622,0.0,0.0
Nashoba Valley,Massachusetts,Massachusetts,440,240,200,0,0,0,0,3,1,7,11,17.0,2.0,0.5,52.0,52.0,112.0,55.0,55.0,58.0,126.0,52.0,11,0.1595936918707181,104.22588592003032,0.0445969125214408,0.1669150521609538,0.1111111111111111,0.0891938250428816,0.6470588235294118,0.2115384615384615,0.0,0.0
Otis Ridge Ski Area,Massachusetts,Massachusetts,1700,400,1300,0,0,0,0,0,1,3,4,11.0,1.0,1.0,60.0,55.0,106.0,73.0,70.0,40.0,106.0,35.0,11,0.1595936918707181,104.22588592003032,0.0514579759862778,0.1579731743666169,0.0555555555555555,0.0600343053173241,0.3636363636363636,0.0666666666666666,0.0,0.0
Ski Butternut,Massachusetts,Massachusetts,1800,1000,800,0,0,0,3,1,1,6,11,22.0,2.0,1.5,110.0,110.0,107.0,56.0,115.0,60.0,110.0,,11,0.1595936918707181,104.22588592003032,0.0943396226415094,0.1594634873323397,0.1111111111111111,,0.5,0.1,0.0,0.0
Wachusett Mountain Ski Area,Massachusetts,Massachusetts,2006,1000,1006,0,0,3,0,1,0,4,8,27.0,2.0,1.5,112.0,112.0,,57.0,100.0,71.0,120.0,104.0,11,0.1595936918707181,104.22588592003032,0.0960548885077186,,0.1111111111111111,0.1783876500857633,0.2962962962962963,0.0714285714285714,0.1111111111111111,0.0267857142857142
Alpine Valley Ski Area,Michigan,Michigan,500,240,126,0,0,0,1,2,5,6,14,25.0,3.0,0.2,100.0,100.0,,57.0,20.0,47.0,,100.0,28,0.2803684883041781,28.951341067477305,0.0226963231956423,,0.0476190476190476,0.0513874614594039,0.56,0.14,0.0,0.0
Apple Mountain,Michigan,Michigan,820,220,600,0,0,0,1,0,0,5,6,12.0,,,80.0,42.0,,58.0,52.0,35.0,,80.0,28,0.2803684883041781,28.951341067477305,0.0181570585565138,,,0.0411099691675231,0.5,0.075,0.0,0.0
Big Powderhorn Mountain,Michigan,Michigan,1800,600,1200,0,0,0,0,0,9,1,10,45.0,2.0,1.0,253.0,228.0,100.0,55.0,214.0,69.0,108.0,,28,0.2803684883041781,28.951341067477305,0.057421697684975,0.0418585182084554,0.0317460317460317,,0.2222222222222222,0.0395256916996047,0.0,0.0
Bittersweet Ski Area,Michigan,Michigan,850,350,450,0,0,0,1,7,0,4,12,20.0,2.0,0.2,100.0,100.0,80.0,36.0,90.0,48.0,,100.0,28,0.2803684883041781,28.951341067477305,0.0226963231956423,0.0334868145667643,0.0317460317460317,0.0513874614594039,0.6,0.12,0.0,0.0
Big Snow Resort - Blackjack,Michigan,Michigan,850,465,385,0,0,0,0,0,4,2,6,26.0,2.0,1.0,170.0,86.0,95.0,42.0,210.0,65.0,115.0,,28,0.2803684883041781,28.951341067477305,0.0385837494325919,0.0397655922980326,0.0317460317460317,,0.2307692307692307,0.0352941176470588,0.0,0.0
Boyne Highlands,Michigan,Michigan,1290,552,745,0,0,1,3,4,0,2,10,55.0,4.0,1.2,435.0,400.0,97.0,56.0,140.0,98.0,120.0,150.0,28,0.2803684883041781,28.951341067477305,0.098729005901044,0.0406027626622017,0.0634920634920634,0.0770811921891058,0.1818181818181818,0.0229885057471264,0.0181818181818181,0.0022988505747126
Caberfae Peaks,Michigan,Michigan,1569,485,1060,0,0,0,1,2,1,1,5,34.0,2.0,1.2,200.0,200.0,118.0,82.0,140.0,49.0,130.0,150.0,28,0.2803684883041781,28.951341067477305,0.0453926463912846,0.0493930514859774,0.0317460317460317,0.0770811921891058,0.1470588235294117,0.025,0.0,0.0
Cannonsburg,Michigan,Michigan,1100,250,850,0,0,0,1,1,1,7,10,21.0,5.0,0.1,100.0,,100.0,54.0,100.0,37.0,100.0,,28,0.2803684883041781,28.951341067477305,0.0226963231956423,0.0418585182084554,0.0793650793650793,,0.4761904761904761,0.1,0.0,0.0
Crystal Mountain,Michigan,Michigan,1132,375,757,0,0,1,3,2,0,2,8,58.0,3.0,0.3,102.0,96.0,120.0,63.0,132.0,64.0,135.0,56.0,28,0.2803684883041781,28.951341067477305,0.0231502496595551,0.0502302218501465,0.0476190476190476,0.0287769784172661,0.1379310344827586,0.0784313725490196,0.0172413793103448,0.0098039215686274
Big Snow Resort - Indianhead Mountain,Michigan,Michigan,1935,638,1297,0,0,0,1,1,5,2,9,32.0,2.0,1.0,240.0,150.0,120.0,60.0,204.0,49.0,120.0,,28,0.2803684883041781,28.951341067477305,0.0544711756695415,0.0502302218501465,0.0317460317460317,,0.28125,0.0375,0.0,0.0
Mont Ripley,Michigan,Michigan,1140,440,700,0,0,0,0,0,2,2,4,25.0,2.0,0.8,112.0,112.0,114.0,83.0,275.0,49.0,100.0,100.0,28,0.2803684883041781,28.951341067477305,0.0254198819791193,0.0477187107576391,0.0317460317460317,0.0513874614594039,0.16,0.0357142857142857,0.0,0.0
Mount Bohemia,Michigan,Michigan,1500,900,600,0,0,0,0,1,1,0,2,,,2.3,585.0,,83.0,19.0,273.0,68.0,100.0,,28,0.2803684883041781,28.951341067477305,0.1327734906945075,0.034742570113018,,,,0.0034188034188034,,0.0
Mt. Brighton,Michigan,Michigan,1330,230,1100,0,0,0,2,3,0,8,13,25.0,5.0,0.1,130.0,130.0,111.0,59.0,60.0,59.0,100.0,130.0,28,0.2803684883041781,28.951341067477305,0.029505220154335,0.0464629552113855,0.0793650793650793,0.066803699897225,0.52,0.1,0.0,0.0
Mt. Holiday Ski Area,Michigan,Michigan,440,200,240,0,0,0,0,0,2,2,4,12.0,,0.1,45.0,45.0,100.0,70.0,120.0,34.0,90.0,45.0,28,0.2803684883041781,28.951341067477305,0.010213345438039,0.0418585182084554,,0.0231243576567317,0.3333333333333333,0.0888888888888888,0.0,0.0
Mount Holly,Michigan,Michigan,1105,350,755,0,0,1,2,3,1,6,13,19.0,,0.1,100.0,100.0,,63.0,42.0,45.0,102.0,100.0,28,0.2803684883041781,28.951341067477305,0.0226963231956423,,,0.0513874614594039,0.6842105263157895,0.13,0.0526315789473684,0.01
Mulligan's Hollow Ski Bowl,Michigan,Michigan,700,130,570,0,0,0,0,0,0,5,5,6.0,,0.2,10.0,10.0,,19.0,60.0,20.0,,10.0,28,0.2803684883041781,28.951341067477305,0.0022696323195642,,,0.0051387461459403,0.8333333333333334,0.5,0.0,0.0
Norway Mountain,Michigan,Michigan,1335,500,835,0,0,0,0,1,2,3,6,17.0,1.0,1.4,186.0,186.0,110.0,45.0,100.0,45.0,110.0,40.0,28,0.2803684883041781,28.951341067477305,0.0422151611438946,0.0460443700293009,0.0158730158730158,0.0205549845837615,0.3529411764705882,0.032258064516129,0.0,0.0
Nubs Nob Ski Area,Michigan,Michigan,1338,427,911,0,0,0,3,4,2,1,10,53.0,3.0,0.9,248.0,248.0,133.0,61.0,135.0,85.0,130.0,160.0,28,0.2803684883041781,28.951341067477305,0.0562868815251929,0.0556718292172457,0.0476190476190476,0.0822199383350462,0.1886792452830188,0.0403225806451612,0.0,0.0
Pine Mountain,Michigan,Michigan,1650,500,1150,0,0,0,0,1,2,1,4,28.0,1.0,0.5,160.0,160.0,110.0,80.0,60.0,45.0,126.0,80.0,28,0.2803684883041781,28.951341067477305,0.0363141171130276,0.0460443700293009,0.0158730158730158,0.0411099691675231,0.1428571428571428,0.025,0.0,0.0
Schuss Mountain at Shanty Creek,Michigan,Michigan,1125,450,675,0,0,0,5,0,0,3,8,42.0,3.0,1.0,70.0,70.0,94.0,57.0,160.0,78.0,111.0,70.0,28,0.2803684883041781,28.951341067477305,0.0158874262369496,0.039347007115948,0.0476190476190476,0.0359712230215827,0.1904761904761904,0.1142857142857142,0.0,0.0
Ski Brule,Michigan,Michigan,1860,500,1360,0,0,0,0,0,5,7,12,17.0,3.0,1.0,150.0,150.0,164.0,62.0,150.0,49.0,165.0,40.0,28,0.2803684883041781,28.951341067477305,0.0340444847934634,0.0686479698618668,0.0476190476190476,0.0205549845837615,0.7058823529411765,0.08,0.0,0.0
Snow Snake Mountain Ski Area,Michigan,Michigan,1230,210,1020,0,0,0,0,1,0,5,6,12.0,2.0,0.0,40.0,40.0,,72.0,,35.0,,40.0,28,0.2803684883041781,28.951341067477305,0.0090785292782569,,0.0317460317460317,0.0205549845837615,0.5,0.15,0.0,0.0
Swiss Valley,Michigan,Michigan,1200,225,975,0,0,0,2,1,0,4,7,11.0,2.0,0.1,60.0,60.0,89.0,51.0,60.0,42.0,80.0,60.0,28,0.2803684883041781,28.951341067477305,0.0136177939173853,0.0372540812055253,0.0317460317460317,0.0308324768756423,0.6363636363636364,0.1166666666666666,0.0,0.0
The Homestead,Michigan,Michigan,900,320,580,0,0,0,0,2,1,2,5,15.0,1.0,0.2,16.0,16.0,47.0,34.0,150.0,50.0,42.0,16.0,28,0.2803684883041781,28.951341067477305,0.0036314117113027,0.019673503557974,0.0158730158730158,0.0082219938335046,0.3333333333333333,0.3125,0.0,0.0
Timber Ridge,Michigan,Michigan,850,250,600,0,0,0,1,1,2,4,8,16.0,2.0,0.3,50.0,50.0,80.0,58.0,,45.0,,50.0,28,0.2803684883041781,28.951341067477305,0.0113481615978211,0.0334868145667643,0.0317460317460317,0.0256937307297019,0.5,0.16,0.0,0.0
Afton Alps,Minnesota,Minnesota,1530,350,1180,0,0,0,1,3,14,4,22,48.0,5.0,0.5,250.0,250.0,135.0,56.0,60.0,60.0,135.0,250.0,14,0.2482431477798551,16.103800496917273,0.1602564102564102,0.0906040268456375,0.1724137931034483,0.2450980392156862,0.4583333333333333,0.088,0.0,0.0
Andes Tower Hills Ski Area,Minnesota,Minnesota,1620,290,1330,0,0,0,1,2,0,3,6,15.0,2.0,0.2,35.0,35.0,100.0,38.0,55.0,45.0,110.0,35.0,14,0.2482431477798551,16.103800496917273,0.0224358974358974,0.0671140939597315,0.0689655172413793,0.034313725490196,0.4,0.1714285714285714,0.0,0.0
Buck Hill,Minnesota,Minnesota,1225,309,919,0,0,0,2,1,0,5,8,16.0,,0.2,45.0,45.0,115.0,65.0,60.0,47.0,112.0,45.0,14,0.2482431477798551,16.103800496917273,0.0288461538461538,0.0771812080536912,,0.0441176470588235,0.5,0.1777777777777777,0.0,0.0
Buena Vista Ski Area,Minnesota,Minnesota,1510,230,1280,0,0,0,0,2,2,2,6,17.0,,0.3,30.0,30.0,57.0,70.0,78.0,44.0,60.0,30.0,14,0.2482431477798551,16.103800496917273,0.0192307692307692,0.0382550335570469,,0.0294117647058823,0.3529411764705882,0.2,0.0,0.0
Coffee Mill Ski & Snowboard Resort,Minnesota,Minnesota,1150,425,725,0,0,0,0,0,2,1,3,14.0,1.0,1.0,40.0,35.0,57.0,39.0,48.0,37.0,56.0,35.0,14,0.2482431477798551,16.103800496917273,0.0256410256410256,0.0382550335570469,0.0344827586206896,0.034313725490196,0.2142857142857142,0.075,0.0,0.0
Elm Creek Winter Recreation Area,Minnesota,Minnesota,928,60,868,0,0,0,0,0,0,3,3,3.0,,1.0,15.0,20.0,105.0,13.0,45.0,17.0,102.0,15.0,14,0.2482431477798551,16.103800496917273,0.0096153846153846,0.0704697986577181,,0.0147058823529411,1.0,0.2,0.0,0.0
Giants Ridge Resort,Minnesota,Minnesota,1972,500,1472,0,0,1,1,1,2,2,7,35.0,2.0,0.8,202.0,202.0,120.0,35.0,85.0,58.0,125.0,121.0,14,0.2482431477798551,16.103800496917273,0.1294871794871795,0.0805369127516778,0.0689655172413793,0.1186274509803921,0.2,0.0346534653465346,0.0285714285714285,0.0049504950495049
Hyland Ski & Snowboard Area,Minnesota,Minnesota,1075,175,900,0,0,0,2,1,0,5,8,14.0,1.0,1.0,35.0,35.0,110.0,61.0,55.0,35.34,115.0,35.0,14,0.2482431477798551,16.103800496917273,0.0224358974358974,0.0738255033557047,0.0344827586206896,0.034313725490196,0.5714285714285714,0.2285714285714285,0.0,0.0
Lutsen Mountains,Minnesota,Minnesota,1688,825,800,1,1,0,0,1,4,1,8,62.0,2.0,2.0,393.0,231.0,135.0,71.0,120.0,84.0,127.0,,14,0.2482431477798551,16.103800496917273,0.2519230769230769,0.0906040268456375,0.0689655172413793,,0.1290322580645161,0.0203562340966921,0.0,0.0
Mount Kato Ski Area,Minnesota,Minnesota,540,240,300,0,0,0,5,0,3,2,10,19.0,4.0,1.0,55.0,55.0,115.0,43.0,50.0,46.0,120.0,50.0,14,0.2482431477798551,16.103800496917273,0.0352564102564102,0.0771812080536912,0.1379310344827586,0.0490196078431372,0.5263157894736842,0.1818181818181818,0.0,0.0
Powder Ridge Ski Area,Minnesota,Minnesota,790,300,500,0,0,0,1,0,2,3,6,15.0,4.0,,60.0,60.0,97.0,58.0,45.0,48.0,113.0,60.0,14,0.2482431477798551,16.103800496917273,0.0384615384615384,0.0651006711409395,0.1379310344827586,0.0588235294117647,0.4,0.1,0.0,0.0
Spirit Mountain,Minnesota,Minnesota,1320,700,620,0,0,1,1,2,1,2,7,22.0,3.0,1.0,175.0,175.0,100.0,45.0,100.0,59.0,125.0,144.0,14,0.2482431477798551,16.103800496917273,0.1121794871794871,0.0671140939597315,0.1034482758620689,0.1411764705882353,0.3181818181818182,0.04,0.0454545454545454,0.0057142857142857
Welch Village,Minnesota,Minnesota,1060,360,700,0,0,0,3,1,4,2,10,50.0,1.0,0.8,125.0,125.0,114.0,54.0,45.0,60.0,122.0,100.0,14,0.2482431477798551,16.103800496917273,0.0801282051282051,0.0765100671140939,0.0344827586206896,0.0980392156862745,0.2,0.08,0.0,0.0
Wild Mountain Ski & Snowboard Area,Minnesota,Minnesota,1113,300,813,0,0,0,4,0,0,4,8,26.0,4.0,0.9,100.0,100.0,130.0,47.0,50.0,55.0,140.0,100.0,14,0.2482431477798551,16.103800496917273,0.0641025641025641,0.087248322147651,0.1379310344827586,0.0980392156862745,0.3076923076923077,0.08,0.0,0.0
Hidden Valley Ski Area,Missouri,Missouri,2566,310,2316,0,0,0,2,2,0,3,7,17.0,,0.1,30.0,30.0,,37.0,26.0,49.0,,17.0,2,0.0325869403274466,2.8691523089503206,0.5,,,0.3617021276595745,0.4117647058823529,0.2333333333333333,0.0,0.0
Snow Creek,Missouri,Missouri,1100,300,800,0,0,0,0,2,1,2,5,14.0,2.0,0.3,30.0,30.0,69.0,33.0,20.0,47.0,85.0,30.0,2,0.0325869403274466,2.8691523089503206,0.5,1.0,1.0,0.6382978723404256,0.3571428571428571,0.1666666666666666,0.0,0.0
Blacktail Mountain Ski Area,Montana,Montana,6676,1440,5236,0,0,0,0,1,2,1,4,27.0,,0.7,1000.0,,,21.0,250.0,42.0,,,12,1.1227776020838751,8.161044613710555,0.0467071461933675,,,,0.1481481481481481,0.004,0.0,0.0
Bridger Bowl,Montana,Montana,8700,2600,6100,0,0,0,1,6,1,3,11,105.0,2.0,1.5,2000.0,100.0,122.0,64.0,350.0,63.0,133.0,,12,1.1227776020838751,8.161044613710555,0.0934142923867351,0.1282860147213459,0.074074074074074,,0.1047619047619047,0.0055,0.0,0.0
Discovery Ski Area,Montana,Montana,8150,2380,5770,0,0,0,0,5,2,1,8,74.0,1.0,1.5,2400.0,25.0,116.0,46.0,225.0,49.0,116.0,,12,1.1227776020838751,8.161044613710555,0.1120971508640822,0.1219768664563617,0.037037037037037,,0.1081081081081081,0.0033333333333333,0.0,0.0
Great Divide,Montana,Montana,7330,1580,5750,0,0,0,0,0,5,1,6,110.0,6.0,3.0,1600.0,150.0,94.0,78.0,180.0,48.0,100.0,100.0,12,1.1227776020838751,8.161044613710555,0.0747314339093881,0.0988433228180862,0.2222222222222222,0.1408450704225352,0.0545454545454545,0.00375,0.0,0.0
Lost Trail - Powder Mtn,Montana,Montana,8200,1800,6400,0,0,0,0,0,5,3,8,69.0,2.0,2.5,1800.0,,84.0,81.0,325.0,46.0,80.0,,12,1.1227776020838751,8.161044613710555,0.0840728631480616,0.0883280757097791,0.074074074074074,,0.1159420289855072,0.0044444444444444,0.0,0.0
Maverick Mountain,Montana,Montana,8520,2020,6500,0,0,0,0,0,1,1,2,22.0,,1.3,255.0,,,83.0,160.0,39.0,,,12,1.1227776020838751,8.161044613710555,0.0119103222793087,,,,0.0909090909090909,0.0078431372549019,0.0,0.0
Montana Snowbowl,Montana,Montana,7600,2600,5000,0,0,0,0,0,2,2,4,37.0,,1.2,950.0,20.0,,58.0,300.0,50.0,,10.0,12,1.1227776020838751,8.161044613710555,0.0443717888836992,,,0.0140845070422535,0.1081081081081081,0.0042105263157894,0.0,0.0
Red Lodge Mountain,Montana,Montana,9416,2400,7016,0,0,2,0,1,3,1,7,70.0,2.0,2.5,1635.0,496.0,142.0,59.0,250.0,67.0,136.0,,12,1.1227776020838751,8.161044613710555,0.076366184026156,0.14931650893796,0.074074074074074,,0.1,0.0042813455657492,0.0285714285714285,0.001223241590214
Showdown Montana,Montana,Montana,8200,1400,6800,0,0,0,0,1,2,1,4,36.0,1.0,1.8,640.0,,86.0,83.0,250.0,47.0,85.0,,12,1.1227776020838751,8.161044613710555,0.0298925735637552,0.0904311251314406,0.037037037037037,,0.1111111111111111,0.00625,0.0,0.0
Teton Pass Ski Resort,Montana,Montana,7200,1010,6190,0,0,0,0,0,1,2,3,43.0,1.0,3.0,330.0,,40.0,54.0,250.0,39.0,150.0,,12,1.1227776020838751,8.161044613710555,0.0154133582438113,0.0420609884332281,0.037037037037037,,0.0697674418604651,0.009090909090909,0.0,0.0
Big Mountain Resort,Montana,Montana,6817,2353,4464,0,0,3,2,6,0,3,14,105.0,4.0,3.3,3000.0,600.0,123.0,72.0,333.0,81.0,123.0,600.0,12,1.1227776020838751,8.161044613710555,0.1401214385801027,0.1293375394321766,0.1481481481481481,0.8450704225352113,0.1333333333333333,0.0046666666666666,0.0285714285714285,0.001
Diamond Peak,Sierra Nevada,Nevada,8540,1840,6700,0,0,1,2,0,3,1,7,30.0,3.0,2.5,655.0,492.0,100.0,53.0,300.0,99.0,122.0,,4,0.1298635523655295,3.61755236407047,0.3104265402843602,0.2409638554216867,0.3333333333333333,,0.2333333333333333,0.0106870229007633,0.0333333333333333,0.0015267175572519
Elko SnoBowl,Nevada,Nevada,7000,700,6300,0,0,0,0,0,1,1,2,10.0,,1.0,60.0,2.0,19.0,23.0,24.0,20.0,30.0,,4,0.1298635523655295,3.61755236407047,0.0284360189573459,0.0457831325301204,,,0.2,0.0333333333333333,0.0,0.0
Lee Canyon,Nevada,Nevada,11289,860,8510,0,0,0,2,1,0,0,3,24.0,1.0,0.3,195.0,50.0,144.0,56.0,161.0,70.0,150.0,,4,0.1298635523655295,3.61755236407047,0.0924170616113744,0.3469879518072289,0.1111111111111111,,0.125,0.0153846153846153,0.0,0.0
Mt. Rose - Ski Tahoe,Sierra Nevada,Nevada,9700,1800,8260,0,2,0,2,2,0,2,8,65.0,5.0,2.5,1200.0,330.0,152.0,55.0,350.0,135.0,150.0,,4,0.1298635523655295,3.61755236407047,0.5687203791469194,0.3662650602409638,0.5555555555555556,,0.123076923076923,0.0066666666666666,0.0,0.0
Attitash,New Hampshire,New Hampshire,2350,1750,600,0,0,2,1,3,2,1,9,68.0,3.0,3.0,311.0,240.0,115.0,54.0,120.0,89.0,130.0,,16,1.1767206413715856,171.14129853460264,0.0907499270498978,0.0622631293990254,0.0697674418604651,,0.1323529411764706,0.0289389067524115,0.0294117647058823,0.0064308681672025
Black Mountain,New Hampshire,New Hampshire,2350,1100,1250,0,0,0,0,1,1,3,5,45.0,,1.6,143.0,120.0,110.0,84.0,125.0,59.0,107.0,,16,1.1767206413715856,171.14129853460264,0.0417274584184417,0.0595560368164591,,,0.1111111111111111,0.0349650349650349,0.0,0.0
Bretton Woods,New Hampshire,New Hampshire,3100,1500,1600,0,0,4,1,1,0,3,9,63.0,2.0,2.0,464.0,427.0,180.0,46.0,200.0,99.0,180.0,45.0,16,1.1767206413715856,171.14129853460264,0.1353953895535453,0.0974553329723876,0.0465116279069767,0.1196808510638298,0.1428571428571428,0.0193965517241379,0.0634920634920634,0.0086206896551724
Cannon Mountain,New Hampshire,New Hampshire,4080,2180,1900,1,0,1,2,3,1,3,11,97.0,3.0,2.3,285.0,192.0,124.0,81.0,160.0,79.0,143.0,,16,1.1767206413715856,171.14129853460264,0.083163116428363,0.0671358960476448,0.0697674418604651,,0.1134020618556701,0.0385964912280701,0.0103092783505154,0.0035087719298245
Crotched Mountain,New Hampshire,New Hampshire,2066,1016,1050,0,0,1,1,1,1,1,5,25.0,3.0,1.2,100.0,100.0,105.0,16.0,105.0,69.0,100.0,100.0,16,1.1767206413715856,171.14129853460264,0.0291800408520571,0.0568489442338928,0.0697674418604651,0.2659574468085106,0.2,0.05,0.04,0.01
Dartmouth Skiway,New Hampshire,New Hampshire,1943,969,974,0,0,0,1,0,1,2,4,28.0,1.0,1.1,107.0,54.0,104.0,63.0,100.0,50.0,105.0,,16,1.1767206413715856,171.14129853460264,0.0312226437117011,0.0563075257173795,0.0232558139534883,,0.1428571428571428,0.0373831775700934,0.0,0.0
Gunstock,New Hampshire,New Hampshire,2300,1400,900,0,0,1,2,2,0,1,6,55.0,4.0,1.5,227.0,176.0,106.0,82.0,120.0,92.0,,60.0,16,1.1767206413715856,171.14129853460264,0.0662386927341698,0.057390362750406,0.0930232558139534,0.1595744680851064,0.109090909090909,0.026431718061674,0.0181818181818181,0.0044052863436123
King Pine,New Hampshire,New Hampshire,850,350,500,0,0,0,0,3,0,3,6,17.0,2.0,0.3,48.0,45.0,105.0,57.0,120.0,58.0,107.0,23.0,16,1.1767206413715856,171.14129853460264,0.0140064196089874,0.0568489442338928,0.0465116279069767,0.0611702127659574,0.3529411764705882,0.125,0.0,0.0
Mount Sunapee,New Hampshire,New Hampshire,2743,1510,1233,0,0,2,1,2,1,4,10,66.0,4.0,0.8,232.0,215.0,130.0,71.0,100.0,93.0,136.0,,16,1.1767206413715856,171.14129853460264,0.0676976947767726,0.0703844071467244,0.0930232558139534,,0.1515151515151515,0.043103448275862,0.0303030303030303,0.0086206896551724
Pats Peak,New Hampshire,New Hampshire,1460,770,690,0,0,0,0,4,2,5,11,28.0,3.0,1.5,115.0,115.0,109.0,56.0,100.0,72.0,112.0,93.0,16,1.1767206413715856,171.14129853460264,0.0335570469798657,0.0590146182999458,0.0697674418604651,0.2473404255319149,0.3928571428571428,0.0956521739130434,0.0,0.0
Ragged Mountain Resort,New Hampshire,New Hampshire,2250,1250,1000,0,1,1,0,1,0,3,6,57.0,3.0,0.7,250.0,200.0,,54.0,100.0,84.0,140.0,,16,1.1767206413715856,171.14129853460264,0.0729501021301429,,0.0697674418604651,,0.1052631578947368,0.024,0.0175438596491228,0.004
Waterville Valley,New Hampshire,New Hampshire,4004,2020,1984,0,0,2,0,2,3,4,11,62.0,4.0,1.9,265.0,220.0,142.0,54.0,148.0,93.0,142.0,,16,1.1767206413715856,171.14129853460264,0.0773271082579515,0.0768814293448836,0.0930232558139534,,0.1774193548387097,0.0415094339622641,0.032258064516129,0.0075471698113207
Whaleback Mountain,New Hampshire,New Hampshire,1800,700,1100,0,0,0,0,0,1,3,4,30.0,1.0,1.0,85.0,60.0,105.0,64.0,110.0,45.0,105.0,55.0,16,1.1767206413715856,171.14129853460264,0.0248030347242486,0.0568489442338928,0.0232558139534883,0.1462765957446808,0.1333333333333333,0.0470588235294117,0.0,0.0
Wildcat Mountain,New Hampshire,New Hampshire,4062,2112,1950,0,0,1,0,3,0,1,5,48.0,,2.8,225.0,200.0,156.0,61.0,200.0,89.0,150.0,,16,1.1767206413715856,171.14129853460264,0.0656550919171286,0.0844612885760693,,,0.1041666666666666,0.0222222222222222,0.0208333333333333,0.0044444444444444
Mountain Creek Resort,New Jersey,New Jersey,1480,1040,440,1,0,2,2,1,1,3,10,46.0,3.0,2.0,167.0,167.0,90.0,54.0,65.0,79.99,100.0,167.0,2,0.0225169693510271,22.9278917803508,0.8789473684210526,0.5294117647058824,0.75,0.9226519337016574,0.217391304347826,0.059880239520958,0.0434782608695652,0.0119760479041916
Angel Fire Resort,New Mexico,New Mexico,10677,2077,8600,0,0,2,0,0,3,2,7,81.0,3.0,3.0,560.0,230.0,101.0,53.0,210.0,77.0,101.0,50.0,9,0.4292195500920676,7.401924500370097,0.1072180739038866,0.1045548654244306,0.1666666666666666,1.0,0.0864197530864197,0.0125,0.0246913580246913,0.0035714285714285
Enchanted Forest Ski Area,New Mexico,New Mexico,10078,400,9820,0,0,0,0,0,0,0,0,33.0,,2.5,600.0,,130.0,34.0,240.0,20.0,140.0,,9,0.4292195500920676,7.401924500370097,0.1148765077541642,0.134575569358178,,,0.0,0.0,0.0,0.0
Pajarito Mountain Ski Area,New Mexico,New Mexico,10441,1410,9031,0,0,0,1,1,3,1,6,45.0,2.0,0.6,750.0,35.0,89.0,62.0,163.0,49.0,117.0,,9,0.4292195500920676,7.401924500370097,0.1435956346927053,0.0921325051759834,0.1111111111111111,,0.1333333333333333,0.008,0.0,0.0
Red River,New Mexico,New Mexico,10350,1600,8750,0,0,0,1,3,1,2,7,63.0,3.0,2.5,209.0,,110.0,60.0,214.0,79.0,,,9,0.4292195500920676,7.401924500370097,0.0400153168677005,0.113871635610766,0.1666666666666666,,0.1111111111111111,0.0334928229665071,0.0,0.0
Sandia Peak,New Mexico,New Mexico,10378,1700,8678,0,0,0,0,0,4,1,5,39.0,1.0,2.0,200.0,30.0,32.0,82.0,100.0,55.0,38.0,,9,0.4292195500920676,7.401924500370097,0.038292169251388,0.0331262939958592,0.0555555555555555,,0.1282051282051282,0.025,0.0,0.0
Sipapu Ski Resort,New Mexico,New Mexico,9255,1055,8200,0,0,0,1,2,0,3,6,42.0,4.0,0.5,200.0,140.0,127.0,67.0,190.0,47.0,143.0,,9,0.4292195500920676,7.401924500370097,0.038292169251388,0.1314699792960662,0.2222222222222222,,0.1428571428571428,0.03,0.0,0.0
Ski Apache,New Mexico,New Mexico,11500,1900,9600,1,0,0,2,6,0,2,11,55.0,3.0,2.0,750.0,270.0,133.0,58.0,185.0,74.0,124.0,,9,0.4292195500920676,7.401924500370097,0.1435956346927053,0.1376811594202898,0.1666666666666666,,0.2,0.0146666666666666,0.0,0.0
Ski Santa Fe,New Mexico,New Mexico,12075,1725,10350,0,0,0,1,2,2,2,7,83.0,1.0,3.0,660.0,275.0,107.0,73.0,225.0,80.0,130.0,,9,0.4292195500920676,7.401924500370097,0.1263641585295807,0.1107660455486542,0.0555555555555555,,0.0843373493975903,0.0106060606060606,0.0,0.0
Taos Ski Valley,New Mexico,New Mexico,12481,3281,9200,1,0,1,3,4,1,4,14,111.0,1.0,5.0,1294.0,647.0,137.0,64.0,300.0,110.0,136.0,,9,0.4292195500920676,7.401924500370097,0.2477503350564809,0.1418219461697722,0.0555555555555555,,0.1261261261261261,0.0108191653786707,0.009009009009009,0.0007727975270479
Belleayre,New York,New York,3429,1404,2025,1,0,1,1,1,2,2,8,50.0,2.0,2.2,175.0,168.0,154.0,70.0,130.0,72.0,150.0,,33,0.1696347522183727,60.48941435248832,0.0317373957199854,0.0645973154362416,0.0277777777777777,,0.16,0.0457142857142857,0.02,0.0057142857142857
Brantling Ski Slopes,New York,New York,850,250,600,0,0,0,0,0,0,5,5,10.0,,0.1,20.0,16.0,,19.0,110.0,32.0,,,33,0.1696347522183727,60.48941435248832,0.0036271309394269,,,,0.5,0.25,0.0,0.0
Bristol Mountain,New York,New York,2200,1200,1000,0,0,2,1,1,1,1,6,34.0,3.0,2.0,160.0,148.0,129.0,55.0,60.0,76.0,129.0,154.0,33,0.1696347522183727,60.48941435248832,0.0290170475154153,0.0541107382550335,0.0416666666666666,0.0543018335684062,0.1764705882352941,0.0375,0.0588235294117647,0.0125
Buffalo Ski Club Ski Area,New York,New York,3429,500,2025,0,0,0,0,0,2,4,6,43.0,1.0,,225.0,150.0,,12.0,,50.0,,100.0,33,0.1696347522183727,60.48941435248832,0.0408052230685527,,0.0138888888888888,0.0352609308885754,0.1395348837209302,0.0266666666666666,0.0,0.0
Catamount,New York,New York,2000,1000,1000,0,0,0,1,1,2,3,7,36.0,5.0,2.0,133.0,130.0,100.0,80.0,108.0,69.0,90.0,55.0,33,0.1696347522183727,60.48941435248832,0.0241204207471889,0.0419463087248322,0.0694444444444444,0.0193935119887165,0.1944444444444444,0.0526315789473684,0.0,0.0
Dry Hill Ski Area,New York,New York,950,300,650,0,0,0,0,0,1,2,3,7.0,1.0,0.2,35.0,26.0,,55.0,125.0,35.0,,26.0,33,0.1696347522183727,60.48941435248832,0.006347479143997,,0.0138888888888888,0.0091678420310296,0.4285714285714285,0.0857142857142857,0.0,0.0
Gore Mountain,New York,New York,3600,2537,998,1,0,2,2,3,2,4,14,110.0,7.0,4.5,439.0,338.0,142.0,55.0,150.0,88.0,,15.0,33,0.1696347522183727,60.48941435248832,0.0796155241204207,0.0595637583892617,0.0972222222222222,0.0052891396332863,0.1272727272727272,0.0318906605922551,0.0181818181818181,0.0045558086560364
Greek Peak,New York,New York,2100,952,1148,0,0,0,1,1,4,2,8,56.0,4.0,1.5,220.0,184.0,110.0,62.0,122.0,63.2,113.0,175.0,33,0.1696347522183727,60.48941435248832,0.039898440333696,0.0461409395973154,0.0555555555555555,0.061706629055007,0.1428571428571428,0.0363636363636363,0.0,0.0
Holiday Mountain,New York,New York,1550,400,1150,0,0,0,1,0,1,2,4,9.0,,0.4,37.0,37.0,75.0,60.0,50.0,42.0,85.0,37.0,33,0.1696347522183727,60.48941435248832,0.0067101922379397,0.0314597315436241,,0.0130465444287729,0.4444444444444444,0.1081081081081081,0.0,0.0
Holiday Valley,New York,New York,2250,750,1500,0,0,3,8,0,0,2,13,60.0,5.0,1.0,290.0,266.0,116.0,62.0,180.0,78.0,129.0,189.0,33,0.1696347522183727,60.48941435248832,0.0525933986216902,0.0486577181208053,0.0694444444444444,0.0666431593794076,0.2166666666666666,0.0448275862068965,0.05,0.0103448275862068
Holimont Ski Area,New York,New York,2260,700,1560,0,0,1,1,2,3,1,8,53.0,3.0,1.5,135.0,135.0,110.0,57.0,180.0,75.0,119.0,,33,0.1696347522183727,60.48941435248832,0.0244831338411316,0.0461409395973154,0.0416666666666666,,0.1509433962264151,0.0592592592592592,0.0188679245283018,0.0074074074074074
Hunt Hollow Ski Club,New York,New York,2030,825,1000,0,0,0,0,1,1,1,3,19.0,1.0,1.0,400.0,400.0,,52.0,130.0,58.0,75.0,400.0,33,0.1696347522183727,60.48941435248832,0.0725426187885382,,0.0138888888888888,0.1410437235543018,0.1578947368421052,0.0075,0.0,0.0
Hunter Mountain,New York,New York,3200,1600,1600,0,2,1,2,2,2,4,13,67.0,4.0,2.0,320.0,320.0,148.0,59.0,120.0,89.0,155.0,,33,0.1696347522183727,60.48941435248832,0.0580340950308306,0.0620805369127516,0.0555555555555555,,0.1940298507462686,0.040625,0.0149253731343283,0.003125
Kissing Bridge,New York,New York,1700,550,1150,0,0,0,2,1,4,3,10,39.0,5.0,0.5,700.0,550.0,103.0,59.0,120.0,60.0,100.0,650.0,33,0.1696347522183727,60.48941435248832,0.1269495828799419,0.0432046979865771,0.0694444444444444,0.2291960507757404,0.2564102564102564,0.0142857142857142,0.0,0.0
Labrador Mt.,New York,New York,1825,700,1125,0,0,0,0,1,2,1,4,23.0,1.0,1.0,250.0,237.0,,62.0,125.0,59.0,100.0,180.0,33,0.1696347522183727,60.48941435248832,0.0453391367428364,,0.0138888888888888,0.0634696755994358,0.1739130434782608,0.016,0.0,0.0
Maple Ski Ridge,New York,New York,1200,450,750,0,0,0,0,1,1,1,3,10.0,,0.3,25.0,25.0,,57.0,,38.0,,20.0,33,0.1696347522183727,60.48941435248832,0.0045339136742836,,,0.007052186177715,0.3,0.12,0.0,0.0
McCauley Mountain Ski Center,New York,New York,2250,633,1563,0,0,0,0,0,1,4,5,23.0,1.0,0.3,70.0,55.0,105.0,61.0,200.0,30.0,105.0,,33,0.1696347522183727,60.48941435248832,0.0126949582879941,0.0440436241610738,0.0138888888888888,,0.217391304347826,0.0714285714285714,0.0,0.0
Mount Peter Ski Area,New York,New York,1250,450,750,0,0,0,1,0,2,2,5,14.0,1.0,1.0,69.0,69.0,100.0,83.0,50.0,54.0,100.0,69.0,33,0.1696347522183727,60.48941435248832,0.0125136017410228,0.0419463087248322,0.0138888888888888,0.024330042313117,0.3571428571428571,0.072463768115942,0.0,0.0
Oak Mountain,New York,New York,2400,650,1750,0,0,0,1,0,0,3,4,22.0,1.0,1.2,46.0,18.0,,71.0,120.0,40.0,,12.0,33,0.1696347522183727,60.48941435248832,0.0083424011606819,,0.0138888888888888,0.004231311706629,0.1818181818181818,0.0869565217391304,0.0,0.0
Peek'n Peak,New York,New York,1800,400,1400,0,0,0,0,8,0,2,10,27.0,4.0,2.4,110.0,110.0,110.0,55.0,225.0,63.0,,110.0,33,0.1696347522183727,60.48941435248832,0.019949220166848,0.0461409395973154,0.0555555555555555,0.038787023977433,0.3703703703703703,0.0909090909090909,0.0,0.0
Plattekill Mountain,New York,New York,3500,1100,2400,0,0,0,0,1,1,2,4,38.0,1.0,2.0,110.0,75.0,65.0,26.0,175.0,67.0,65.0,,33,0.1696347522183727,60.48941435248832,0.019949220166848,0.0272651006711409,0.0138888888888888,,0.1052631578947368,0.0363636363636363,0.0,0.0
Royal Mountain Ski Area,New York,New York,1800,550,1250,0,0,0,0,0,3,0,3,14.0,,0.3,35.0,28.0,,63.0,90.0,45.0,,,33,0.1696347522183727,60.48941435248832,0.006347479143997,,,,0.2142857142857142,0.0857142857142857,0.0,0.0
Snow Ridge,New York,New York,2000,650,1350,0,0,0,0,0,4,2,6,21.0,2.0,0.8,130.0,65.0,73.0,74.0,230.0,48.0,100.0,40.0,33,0.1696347522183727,60.48941435248832,0.0235763511062749,0.0306208053691275,0.0277777777777777,0.0141043723554301,0.2857142857142857,0.0461538461538461,0.0,0.0
Song Mountain,New York,New York,1940,700,1240,0,0,0,0,1,1,3,5,24.0,,0.4,93.0,70.0,90.0,55.0,125.0,59.0,122.0,70.0,33,0.1696347522183727,60.48941435248832,0.0168661588683351,0.0377516778523489,,0.0246826516220028,0.2083333333333333,0.053763440860215,0.0,0.0
Swain,New York,New York,1970,650,1320,0,0,0,3,0,1,1,5,35.0,3.0,1.0,130.0,90.0,102.0,72.0,120.0,59.0,100.0,80.0,33,0.1696347522183727,60.48941435248832,0.0235763511062749,0.0427852348993288,0.0416666666666666,0.0282087447108603,0.1428571428571428,0.0384615384615384,0.0,0.0
Thunder Ridge,New York,New York,1270,500,770,0,0,0,0,1,2,3,6,30.0,,0.4,100.0,100.0,121.0,60.0,,57.0,121.0,100.0,33,0.1696347522183727,60.48941435248832,0.0181356546971345,0.0507550335570469,,0.0352609308885754,0.2,0.06,0.0,0.0
Titus Mountain,New York,New York,2025,1200,825,0,0,0,0,2,6,2,10,50.0,3.0,2.0,200.0,150.0,101.0,59.0,150.0,49.0,100.0,70.0,33,0.1696347522183727,60.48941435248832,0.0362713093942691,0.0423657718120805,0.0416666666666666,0.0246826516220028,0.2,0.05,0.0,0.0
Toggenburg Mountain,New York,New York,2000,700,1300,0,0,0,0,1,1,3,5,22.0,2.0,0.4,85.0,,,66.0,130.0,55.0,122.0,73.0,33,0.1696347522183727,60.48941435248832,0.0154153064925643,,0.0277777777777777,0.02574047954866,0.2272727272727272,0.0588235294117647,0.0,0.0
West Mountain,New York,New York,1470,1010,460,0,0,0,0,1,2,2,5,29.0,1.0,0.6,124.0,105.0,,58.0,80.0,59.0,120.0,105.0,33,0.1696347522183727,60.48941435248832,0.0224882118244468,,0.0138888888888888,0.0370239774330042,0.1724137931034483,0.0403225806451612,0.0,0.0
Whiteface Mountain Resort,New York,New York,4650,3430,1220,1,0,1,1,2,5,2,12,86.0,5.0,2.1,288.0,220.0,122.0,61.0,168.0,96.0,141.0,,33,0.1696347522183727,60.48941435248832,0.0522306855277475,0.0511744966442953,0.0694444444444444,,0.1395348837209302,0.0416666666666666,0.0116279069767441,0.0034722222222222
Willard Mountain,New York,New York,1415,505,910,0,0,0,0,0,2,3,5,16.0,,0.4,50.0,35.0,85.0,19.0,80.0,46.0,120.0,35.0,33,0.1696347522183727,60.48941435248832,0.0090678273485672,0.0356543624161073,,0.0123413258110014,0.3125,0.1,0.0,0.0
Windham Mountain,New York,New York,3100,1600,1500,0,1,2,0,3,1,5,12,54.0,6.0,2.0,285.0,280.0,123.0,59.0,105.0,95.0,130.0,56.0,33,0.1696347522183727,60.48941435248832,0.0516866158868335,0.0515939597315436,0.0833333333333333,0.0197461212976022,0.2222222222222222,0.0421052631578947,0.037037037037037,0.0070175438596491
Woods Valley Ski Area,New York,New York,1400,500,900,0,0,0,0,0,2,4,6,21.0,,0.3,25.0,16.0,,55.0,180.0,39.0,,15.0,33,0.1696347522183727,60.48941435248832,0.0045339136742836,,,0.0052891396332863,0.2857142857142857,0.24,0.0,0.0
Appalachian Ski Mountain,North Carolina,North Carolina,4000,365,3635,0,0,0,2,0,1,2,5,12.0,3.0,0.5,27.0,27.0,100.0,57.0,50.0,64.0,100.0,27.0,6,0.0572077798003906,11.148479161634366,0.0729729729729729,0.1976284584980237,0.3333333333333333,0.0805970149253731,0.4166666666666667,0.1851851851851851,0.0,0.0
Cataloochee Ski Area,North Carolina,North Carolina,5400,740,4660,0,0,0,1,1,1,2,5,18.0,2.0,1.0,50.0,50.0,141.0,58.0,50.0,70.0,108.0,50.0,6,0.0572077798003906,11.148479161634366,0.1351351351351351,0.2786561264822134,0.2222222222222222,0.1492537313432835,0.2777777777777778,0.1,0.0,0.0
Sapphire Valley,North Carolina,North Carolina,3450,200,3200,0,0,0,1,0,0,2,3,,1.0,1.0,8.0,8.0,53.0,55.0,24.0,43.0,60.0,8.0,6,0.0572077798003906,11.148479161634366,0.0216216216216216,0.1047430830039525,0.1111111111111111,0.0238805970149253,,0.375,,0.0
Beech Mountain Resort,North Carolina,North Carolina,5506,830,4675,0,0,0,3,0,3,2,8,17.0,1.0,1.0,95.0,95.0,98.0,52.0,31.0,68.0,,95.0,6,0.0572077798003906,11.148479161634366,0.2567567567567567,0.1936758893280632,0.1111111111111111,0.2835820895522388,0.4705882352941176,0.0842105263157894,0.0,0.0
Sugar Mountain Resort,North Carolina,North Carolina,5300,1200,4100,0,1,0,0,1,4,2,8,21.0,1.0,1.5,125.0,125.0,114.0,50.0,77.0,75.0,120.0,95.0,6,0.0572077798003906,11.148479161634366,0.3378378378378378,0.225296442687747,0.1111111111111111,0.2835820895522388,0.3809523809523809,0.064,0.0,0.0
Wolf Ridge Ski Resort,North Carolina,North Carolina,4700,720,4000,0,0,0,1,0,1,2,4,15.0,1.0,0.6,65.0,65.0,,49.0,65.0,65.0,100.0,60.0,6,0.0572077798003906,11.148479161634366,0.1756756756756756,,0.1111111111111111,0.1791044776119403,0.2666666666666666,0.0615384615384615,0.0,0.0
Alpine Valley,Ohio,Ohio,1500,230,1260,0,0,0,1,2,1,1,5,11.0,1.0,0.2,72.0,72.0,105.0,53.0,120.0,43.0,,72.0,5,0.0427748928488934,11.154240842368267,0.171021377672209,0.2147239263803681,0.0833333333333333,0.171021377672209,0.4545454545454545,0.0694444444444444,0.0,0.0
Boston Mills,Ohio,Ohio,871,264,631,0,0,0,0,4,2,2,8,7.0,2.0,0.3,40.0,40.0,92.0,56.0,51.0,44.0,110.0,40.0,5,0.0427748928488934,11.154240842368267,0.0950118764845605,0.1881390593047034,0.1666666666666666,0.0950118764845605,1.1428571428571428,0.2,0.0,0.0
Brandywine,Ohio,Ohio,871,240,631,0,0,0,2,7,2,5,16,11.0,2.0,0.3,85.0,85.0,92.0,56.0,51.0,44.0,110.0,85.0,5,0.0427748928488934,11.154240842368267,0.2019002375296912,0.1881390593047034,0.1666666666666666,0.2019002375296912,1.4545454545454546,0.188235294117647,0.0,0.0
Mad River Mountain,Ohio,Ohio,1460,300,1160,0,0,0,1,2,3,6,12,20.0,4.0,0.5,144.0,144.0,99.0,57.0,36.0,44.0,90.0,144.0,5,0.0427748928488934,11.154240842368267,0.342042755344418,0.2024539877300613,0.3333333333333333,0.342042755344418,0.6,0.0833333333333333,0.0,0.0
Snow Trails,Ohio,Ohio,1475,301,1174,0,0,0,0,4,2,3,9,17.0,3.0,0.2,80.0,80.0,101.0,58.0,50.0,52.0,70.0,80.0,5,0.0427748928488934,11.154240842368267,0.1900237529691211,0.2065439672801636,0.25,0.1900237529691211,0.5294117647058824,0.1125,0.0,0.0
Anthony Lakes Mountain Resort,Oregon,Oregon,8000,900,7100,0,0,0,0,1,0,2,3,21.0,2.0,1.5,1100.0,,75.0,56.0,300.0,40.0,80.0,,10,0.2370939676893082,10.164770936886937,0.0934261933072872,0.0635593220338983,0.0909090909090909,,0.1428571428571428,0.0027272727272727,0.0,0.0
Cooper Spur,Mt. Hood,Oregon,4000,350,3500,0,0,0,0,0,1,1,2,10.0,,0.1,50.0,,78.0,66.0,100.0,39.0,90.0,,10,0.2370939676893082,10.164770936886937,0.0042466451503312,0.0661016949152542,,,0.2,0.04,0.0,0.0
Hoodoo Ski Area,Oregon,Oregon,5703,1035,4668,0,0,0,3,1,1,0,5,34.0,,0.4,806.0,,80.0,81.0,350.0,59.0,108.0,200.0,10,0.2370939676893082,10.164770936886937,0.0684559198233395,0.0677966101694915,,0.1774622892635315,0.1470588235294117,0.0062034739454094,0.0,0.0
Mt. Ashland,Oregon,Oregon,7533,1150,6383,0,0,0,0,2,2,1,5,23.0,2.0,1.0,220.0,,94.0,55.0,300.0,52.0,92.0,40.0,10,0.2370939676893082,10.164770936886937,0.0186852386614574,0.0796610169491525,0.0909090909090909,0.0354924578527063,0.217391304347826,0.0227272727272727,0.0,0.0
Mt. Bachelor,Oregon,Oregon,9065,3365,5700,0,0,8,0,3,0,0,11,101.0,5.0,4.0,4318.0,20.0,185.0,61.0,462.0,99.0,185.0,,10,0.2370939676893082,10.164770936886937,0.3667402751826057,0.1567796610169491,0.2272727272727272,,0.1089108910891089,0.0025474756831866,0.0792079207920792,0.0018527095877721
Mt. Hood Skibowl,Mt. Hood,Oregon,5100,1500,3600,0,0,0,0,0,4,5,9,65.0,2.0,3.0,960.0,29.0,125.0,82.0,300.0,70.0,144.0,317.0,10,0.2370939676893082,10.164770936886937,0.0815355868863597,0.1059322033898305,0.0909090909090909,0.2812777284826974,0.1384615384615384,0.009375,0.0,0.0
Willamette Pass,Oregon,Oregon,6683,1563,5120,0,1,0,0,3,0,1,5,29.0,,2.1,555.0,60.0,3.0,78.0,430.0,60.0,100.0,,10,0.2370939676893082,10.164770936886937,0.0471377611686767,0.0025423728813559,,,0.1724137931034483,0.009009009009009,0.0,0.0
Bear Creek Mountain Resort,Pennsylvania,Pennsylvania,1100,510,600,0,0,0,3,1,0,2,6,23.0,3.0,1.0,86.0,86.0,91.0,52.0,30.0,60.0,90.0,86.0,19,0.1484144377877531,41.25591696703869,0.0455508474576271,0.0648148148148148,0.0638297872340425,0.056282722513089,0.2608695652173913,0.0697674418604651,0.0,0.0
Ski Big Bear,Pennsylvania,Pennsylvania,1250,650,600,0,0,0,0,0,4,2,6,18.0,1.0,1.5,26.0,26.0,75.0,43.0,69.0,62.0,75.0,26.0,19,0.1484144377877531,41.25591696703869,0.0137711864406779,0.0534188034188034,0.0212765957446808,0.0170157068062827,0.3333333333333333,0.2307692307692307,0.0,0.0
Big Boulder,Pennsylvania,Pennsylvania,2175,600,1700,0,0,0,0,2,5,1,8,16.0,8.0,,55.0,55.0,76.0,72.0,50.0,65.0,95.0,55.0,19,0.1484144377877531,41.25591696703869,0.0291313559322033,0.0541310541310541,0.1702127659574468,0.0359947643979057,0.5,0.1454545454545454,0.0,0.0
Blue Knob,Pennsylvania,Pennsylvania,3146,1072,2074,0,0,0,0,2,2,2,6,34.0,1.0,2.0,100.0,84.0,87.0,56.0,120.0,68.0,105.0,42.0,19,0.1484144377877531,41.25591696703869,0.0529661016949152,0.0619658119658119,0.0212765957446808,0.0274869109947644,0.1764705882352941,0.06,0.0,0.0
Blue Mountain Resort,Pennsylvania,Pennsylvania,1600,1082,460,0,1,1,1,1,3,9,16,39.0,5.0,1.2,164.0,164.0,122.0,42.0,33.0,65.0,112.0,164.0,19,0.1484144377877531,41.25591696703869,0.086864406779661,0.0868945868945869,0.1063829787234042,0.1073298429319371,0.4102564102564102,0.0975609756097561,0.0256410256410256,0.0060975609756097
Camelback Mountain Resort,Pennsylvania,Pennsylvania,2100,800,1250,0,0,2,0,3,5,6,16,37.0,5.0,1.0,166.0,166.0,100.0,56.0,50.0,70.0,100.0,160.0,19,0.1484144377877531,41.25591696703869,0.0879237288135593,0.0712250712250712,0.1063829787234042,0.1047120418848167,0.4324324324324324,0.0963855421686747,0.054054054054054,0.0120481927710843
Elk Mountain Ski Resort,Pennsylvania,Pennsylvania,2693,1000,1693,0,0,0,1,0,5,1,7,27.0,2.0,0.7,180.0,146.0,,60.0,60.0,69.0,100.0,90.0,19,0.1484144377877531,41.25591696703869,0.0953389830508474,,0.0425531914893617,0.0589005235602094,0.2592592592592592,0.0388888888888888,0.0,0.0
Jack Frost,Pennsylvania,Pennsylvania,2000,600,1400,0,0,0,1,2,5,1,9,20.0,1.0,1.0,100.0,100.0,96.0,47.0,50.0,65.0,105.0,,19,0.1484144377877531,41.25591696703869,0.0529661016949152,0.0683760683760683,0.0212765957446808,,0.45,0.09,0.0,0.0
Liberty,Pennsylvania,Pennsylvania,1190,620,570,0,0,0,5,0,0,3,8,16.0,3.0,1.0,100.0,100.0,107.0,54.0,31.0,77.0,97.0,100.0,19,0.1484144377877531,41.25591696703869,0.0529661016949152,0.0762108262108262,0.0638297872340425,0.0654450261780104,0.5,0.08,0.0,0.0
Mount Pleasant of Edinboro,Pennsylvania,Pennsylvania,1540,340,1200,0,0,0,0,1,0,1,2,10.0,,0.5,40.0,35.0,75.0,48.0,100.0,33.0,90.0,35.0,19,0.1484144377877531,41.25591696703869,0.0211864406779661,0.0534188034188034,,0.0229057591623036,0.2,0.05,0.0,0.0
Roundtop Mountain Resort,Pennsylvania,Pennsylvania,1400,600,800,0,0,0,3,2,0,3,8,20.0,2.0,0.4,103.0,103.0,,55.0,30.0,73.0,,100.0,19,0.1484144377877531,41.25591696703869,0.0545550847457627,,0.0425531914893617,0.0654450261780104,0.4,0.0776699029126213,0.0,0.0
Seven Springs,Pennsylvania,Pennsylvania,2994,750,2240,0,2,0,3,5,0,4,14,33.0,7.0,1.2,285.0,285.0,99.0,87.0,135.0,87.0,115.0,200.0,19,0.1484144377877531,41.25591696703869,0.1509533898305084,0.0705128205128205,0.1489361702127659,0.1308900523560209,0.4242424242424242,0.0491228070175438,0.0,0.0
Shawnee Mountain Ski Area,Pennsylvania,Pennsylvania,1350,700,650,0,0,1,1,0,4,4,10,23.0,2.0,1.6,125.0,125.0,100.0,44.0,50.0,65.0,122.0,120.0,19,0.1484144377877531,41.25591696703869,0.066207627118644,0.0712250712250712,0.0425531914893617,0.0785340314136125,0.4347826086956521,0.08,0.0434782608695652,0.008
Ski Sawmill,Pennsylvania,Pennsylvania,2215,515,1700,0,0,0,0,1,1,3,5,14.0,1.0,0.1,15.0,13.0,,50.0,24.0,44.0,90.0,15.0,19,0.1484144377877531,41.25591696703869,0.0079449152542372,,0.0212765957446808,0.0098167539267015,0.3571428571428571,0.3333333333333333,0.0,0.0
Tussey Mountain,Pennsylvania,Pennsylvania,1750,520,1230,0,0,0,1,0,1,3,5,8.0,1.0,0.3,38.0,30.0,100.0,39.0,41.0,45.0,100.0,30.0,19,0.1484144377877531,41.25591696703869,0.0201271186440677,0.0712250712250712,0.0212765957446808,0.0196335078534031,0.625,0.131578947368421,0.0,0.0
Whitetail Resort,Pennsylvania,Pennsylvania,1800,935,865,0,0,1,3,0,2,2,8,23.0,2.0,1.0,120.0,120.0,116.0,28.0,40.0,71.0,100.0,120.0,19,0.1484144377877531,41.25591696703869,0.0635593220338983,0.0826210826210826,0.0425531914893617,0.0785340314136125,0.3478260869565217,0.0666666666666666,0.0434782608695652,0.0083333333333333
Deer Mountain Ski Resort,South Dakota,South Dakota,6850,940,6040,0,0,0,0,1,1,2,4,63.0,2.0,1.6,500.0,50.0,69.0,51.0,200.0,45.0,81.0,,2,0.2260758100013677,2.593495513252762,0.5263157894736842,0.3770491803278688,0.6666666666666666,,0.0634920634920634,0.008,0.0,0.0
Terry Peak Ski Area,South Dakota,South Dakota,7100,1100,5900,0,0,3,0,1,0,1,5,30.0,1.0,1.2,450.0,225.0,114.0,65.0,150.0,58.0,120.0,,2,0.2260758100013677,2.593495513252762,0.4736842105263157,0.6229508196721312,0.3333333333333333,,0.1666666666666666,0.0111111111111111,0.1,0.0066666666666666
Ober Gatlinburg Ski Resort,Tennessee,Tennessee,3300,600,2700,0,0,0,2,0,1,1,4,10.0,1.0,1.0,,,83.0,44.0,35.0,65.0,94.0,,1,0.014643059321669,2.372817008352316,,1.0,1.0,,0.4,,0.0,
Alta Ski Area,Salt Lake City,Utah,11068,2538,8530,0,0,3,0,1,2,0,6,116.0,,1.3,2614.0,140.0,150.0,81.0,545.0,116.0,140.0,,13,0.4054950189615709,15.312673003757494,0.085682443949128,0.0971502590673575,,,0.0517241379310344,0.0022953328232593,0.0258620689655172,0.0011476664116296
Beaver Mountain,Utah,Utah,8600,1600,7232,0,0,0,0,1,3,1,5,48.0,2.0,0.8,464.0,,120.0,81.0,400.0,50.0,120.0,,13,0.4054950189615709,15.312673003757494,0.0152091254752851,0.077720207253886,0.0769230769230769,,0.1041666666666666,0.0107758620689655,0.0,0.0
Brian Head Resort,Utah,Utah,10970,1548,9600,0,0,1,0,6,1,0,8,71.0,2.0,0.6,650.0,216.0,149.0,54.0,360.0,59.0,148.0,,13,0.4054950189615709,15.312673003757494,0.0213058869804641,0.0965025906735751,0.0769230769230769,,0.1126760563380281,0.0123076923076923,0.0140845070422535,0.0015384615384615
Brighton Resort,Salt Lake City,Utah,10500,1745,8755,0,0,3,1,1,0,2,7,66.0,4.0,1.2,1050.0,200.0,138.0,83.0,500.0,85.0,138.0,200.0,13,0.4054950189615709,15.312673003757494,0.0344172020453651,0.0893782383419689,0.1538461538461538,0.3115264797507788,0.106060606060606,0.0066666666666666,0.0454545454545454,0.0028571428571428
Deer Valley Resort,Salt Lake City,Utah,9570,3000,6570,1,0,13,0,5,2,0,21,103.0,,2.8,2026.0,660.0,,39.0,300.0,169.0,,,13,0.4054950189615709,15.312673003757494,0.0664088108037236,,,,0.203883495145631,0.0103652517275419,0.1262135922330097,0.006416584402764
Eagle Point,Utah,Utah,10600,1500,9100,0,0,0,1,1,2,1,5,40.0,1.0,0.9,650.0,,,9.0,400.0,60.0,109.0,,13,0.4054950189615709,15.312673003757494,0.0213058869804641,,0.0384615384615384,,0.125,0.0076923076923076,0.0,0.0
Powder Mountain,Utah,Utah,9422,2522,6900,0,0,1,4,1,0,3,9,167.0,2.0,3.5,8464.0,,120.0,47.0,500.0,88.0,146.0,300.0,13,0.4054950189615709,15.312673003757494,0.2774354267733053,0.077720207253886,0.0769230769230769,0.4672897196261682,0.0538922155688622,0.0010633270321361,0.0059880239520958,0.0001181474480151
Snowbasin,Utah,Utah,9350,2900,6450,3,1,2,0,3,0,2,11,107.0,4.0,3.5,3000.0,625.0,143.0,79.0,300.0,115.0,138.0,,13,0.4054950189615709,15.312673003757494,0.0983348629867575,0.0926165803108808,0.1538461538461538,,0.102803738317757,0.0036666666666666,0.0186915887850467,0.0006666666666666
Snowbird,Salt Lake City,Utah,11000,3240,7760,1,0,6,0,0,4,3,14,170.0,1.0,2.5,2500.0,,188.0,48.0,500.0,125.0,180.0,2.0,13,0.4054950189615709,15.312673003757494,0.0819457191556313,0.121761658031088,0.0384615384615384,0.0031152647975077,0.0823529411764705,0.0056,0.0352941176470588,0.0024
Solitude Mountain Resort,Salt Lake City,Utah,10488,2494,7994,0,0,4,2,1,1,1,9,80.0,,3.0,1200.0,150.0,161.0,62.0,500.0,119.0,148.0,,13,0.4054950189615709,15.312673003757494,0.039333945194703,0.1042746113989637,,,0.1125,0.0075,0.05,0.0033333333333333
Sundance,Utah,Utah,8250,2150,6100,0,0,0,2,2,0,1,5,45.0,1.0,0.6,450.0,112.0,128.0,50.0,320.0,80.0,129.0,,13,0.4054950189615709,15.312673003757494,0.0147502294480136,0.082901554404145,0.0384615384615384,,0.1111111111111111,0.0111111111111111,0.0,0.0
Nordic Valley Resort,Utah,Utah,6400,960,5440,0,0,0,0,0,2,2,4,23.0,1.0,0.4,140.0,84.0,105.0,51.0,300.0,50.0,105.0,140.0,13,0.4054950189615709,15.312673003757494,0.0045889602727153,0.0680051813471502,0.0384615384615384,0.2180685358255451,0.1739130434782608,0.0285714285714285,0.0,0.0
Bolton Valley,Vermont,Vermont,3150,1704,1446,0,0,0,2,0,3,1,6,71.0,3.0,0.6,300.0,90.0,133.0,53.0,300.0,79.0,132.0,50.0,15,2.403888530086268,155.99001663893512,0.0414421881475341,0.0748452447945976,0.06,1.0,0.0845070422535211,0.02,0.0,0.0
Bromley Mountain,Vermont,Vermont,3284,1334,1950,0,0,1,1,0,4,3,9,47.0,1.0,2.5,178.0,153.0,,83.0,168.0,91.0,152.0,,15,2.403888530086268,155.99001663893512,0.0245890316342036,,0.02,,0.1914893617021276,0.0505617977528089,0.0212765957446808,0.0056179775280898
Burke Mountain,Vermont,Vermont,3267,2011,1210,0,0,2,1,0,0,3,6,50.0,3.0,2.2,178.0,125.0,110.0,62.0,217.0,73.0,125.0,,15,2.403888530086268,155.99001663893512,0.0245890316342036,0.0619020821609454,0.06,,0.12,0.0337078651685393,0.04,0.0112359550561797
Jay Peak,Vermont,Vermont,3968,2153,1815,1,0,1,3,1,1,2,9,79.0,2.0,3.0,385.0,300.0,155.0,64.0,349.0,89.0,160.0,,15,2.403888530086268,155.99001663893512,0.0531841414560022,0.0872256612267867,0.04,,0.1139240506329113,0.0233766233766233,0.0126582278481012,0.0025974025974025
Killington Resort,Vermont,Vermont,4241,3050,1165,3,1,5,4,3,1,5,22,155.0,6.0,6.0,1515.0,600.0,192.0,61.0,250.0,119.0,,,15,2.403888530086268,155.99001663893512,0.2092830501450476,0.1080472706809229,0.12,,0.1419354838709677,0.0145214521452145,0.032258064516129,0.0033003300330033
Magic Mountain,Vermont,Vermont,2850,1500,1350,0,0,0,0,0,3,3,6,50.0,1.0,1.6,205.0,95.0,76.0,59.0,150.0,74.0,80.0,,15,2.403888530086268,155.99001663893512,0.0283188285674816,0.0427687113111986,0.02,,0.12,0.0292682926829268,0.0,0.0
Pico Mountain,Vermont,Vermont,3967,1967,2000,0,0,2,0,2,2,1,7,59.0,1.0,4.0,260.0,156.0,,82.0,250.0,81.0,,,15,2.403888530086268,155.99001663893512,0.0359165630611963,,0.02,,0.1186440677966101,0.0269230769230769,0.0338983050847457,0.0076923076923076
Smugglers' Notch Resort,Vermont,Vermont,3640,2610,1030,0,0,0,0,0,6,2,8,78.0,6.0,3.0,1000.0,192.0,136.0,63.0,280.0,79.0,135.0,,15,2.403888530086268,155.99001663893512,0.1381406271584473,0.076533483398987,0.12,,0.1025641025641025,0.008,0.0,0.0
Sugarbush,Vermont,Vermont,4083,2600,1483,0,0,5,5,2,1,3,16,111.0,4.0,3.0,581.0,406.0,150.0,61.0,250.0,119.0,156.0,,15,2.403888530086268,155.99001663893512,0.0802597043790578,0.084411930219471,0.08,,0.1441441441441441,0.027538726333907,0.045045045045045,0.0086058519793459
Suicide Six,Vermont,Vermont,1200,650,550,0,0,0,0,0,2,1,3,24.0,,0.4,100.0,50.0,100.0,85.0,90.0,75.0,106.0,,15,2.403888530086268,155.99001663893512,0.0138140627158447,0.056274620146314,,,0.125,0.03,0.0,0.0
Bryce Resort,Virginia,Virginia,1750,500,1250,0,0,0,1,0,1,5,7,8.0,,0.4,25.0,25.0,100.0,54.0,30.0,68.0,95.0,20.0,4,0.0468629968488149,9.35125657510228,0.0929368029739776,0.273224043715847,,0.1481481481481481,0.875,0.28,0.0,0.0
49 Degrees North,Washington,Washington,5774,1851,3932,0,0,0,1,0,5,1,7,89.0,1.0,2.0,2325.0,,101.0,48.0,301.0,62.0,135.0,250.0,10,0.1313216088525472,14.02563886785043,0.1516634050880626,0.098825831702544,0.0476190476190476,0.1251877816725087,0.0786516853932584,0.003010752688172,0.0,0.0
Bluewood,Washington,Washington,5670,1125,4545,0,0,0,0,2,0,1,3,24.0,2.0,2.0,355.0,,70.0,40.0,300.0,47.0,110.0,,10,0.1313216088525472,14.02563886785043,0.0231572080887149,0.0684931506849315,0.0952380952380952,,0.125,0.0084507042253521,0.0,0.0
Crystal Mountain,Washington,Washington,7012,3100,4400,1,2,2,1,2,2,0,10,57.0,1.0,2.5,2600.0,10.0,,57.0,486.0,99.0,,,10,0.1313216088525472,14.02563886785043,0.1696020874103065,,0.0476190476190476,,0.175438596491228,0.0038461538461538,0.0350877192982456,0.0007692307692307
Mt. Baker,Washington,Washington,5000,1500,3500,0,0,0,8,0,0,2,10,38.0,,0.7,1000.0,,143.0,66.0,663.0,60.01,165.0,,10,0.1313216088525472,14.02563886785043,0.0652315720808871,0.1399217221135029,,,0.2631578947368421,0.01,0.0,0.0
Mt. Spokane Ski and Snowboard Park,Washington,Washington,5889,2000,4200,0,0,0,0,1,5,1,7,52.0,3.0,0.6,1704.0,,100.0,81.0,300.0,59.0,103.0,45.0,10,0.1313216088525472,14.02563886785043,0.1111545988258317,0.0978473581213307,0.1428571428571428,0.0225338007010515,0.1346153846153846,0.0041079812206572,0.0,0.0
The Summit at Snoqualmie,Washington,Washington,3865,1025,2840,0,0,3,3,4,10,7,27,112.0,5.0,0.8,1994.0,5.0,120.0,82.0,428.0,95.0,140.0,541.0,10,0.1313216088525472,14.02563886785043,0.1300717547292889,0.1174168297455968,0.238095238095238,0.2709063595393089,0.2410714285714285,0.0135406218655967,0.0267857142857142,0.0015045135406218
White Pass,Washington,Washington,6550,2050,4500,0,0,2,1,1,2,2,8,45.0,2.0,2.5,1402.0,30.0,148.0,67.0,400.0,69.0,144.0,90.0,10,0.1313216088525472,14.02563886785043,0.0914546640574037,0.1448140900195694,0.0952380952380952,0.0450676014021031,0.1777777777777777,0.0057061340941512,0.0444444444444444,0.0014265335235378
Canaan Valley Resort,West Virginia,West Virginia,4280,850,3430,0,0,0,1,2,0,1,4,47.0,1.0,1.2,95.0,75.0,,48.0,160.0,68.0,93.0,,4,0.2231959766693245,16.50846058605035,0.1752767527675277,,0.1111111111111111,,0.0851063829787234,0.0421052631578947,0.0,0.0
Snowshoe Mountain Resort,West Virginia,West Virginia,4848,1500,3348,0,0,3,2,6,0,3,14,60.0,5.0,1.5,257.0,257.0,125.0,46.0,180.0,87.0,138.0,86.0,4,0.2231959766693245,16.50846058605035,0.474169741697417,0.3654970760233918,0.5555555555555556,0.4598930481283422,0.2333333333333333,0.0544747081712062,0.05,0.0116731517509727
Timberline Four Seasons,West Virginia,West Virginia,4265,1000,3268,0,0,0,0,2,1,1,4,40.0,1.0,2.0,100.0,100.0,97.0,37.0,150.0,92.0,115.0,27.0,4,0.2231959766693245,16.50846058605035,0.1845018450184501,0.283625730994152,0.1111111111111111,0.1443850267379679,0.1,0.04,0.0,0.0
Winterplace Ski Resort,West Virginia,West Virginia,3600,603,2997,0,0,0,2,3,2,2,9,27.0,2.0,1.2,90.0,90.0,120.0,36.0,100.0,72.0,120.0,74.0,4,0.2231959766693245,16.50846058605035,0.1660516605166051,0.3508771929824561,0.2222222222222222,0.3957219251336898,0.3333333333333333,0.1,0.0,0.0
Alpine Valley Resort,Wisconsin,Wisconsin,1040,388,820,0,0,3,0,3,1,5,12,21.0,3.0,0.2,90.0,90.0,100.0,55.0,80.0,65.0,120.0,90.0,16,0.2747991647479387,24.42897276169537,0.05,0.0658327847267939,0.0697674418604651,0.0807174887892376,0.5714285714285714,0.1333333333333333,0.1428571428571428,0.0333333333333333
Bruce Mound,Wisconsin,Wisconsin,1375,375,1000,0,0,0,0,1,0,4,5,12.0,2.0,0.5,40.0,30.0,42.0,71.0,42.0,25.0,42.0,30.0,16,0.2747991647479387,24.42897276169537,0.0222222222222222,0.0276497695852534,0.0465116279069767,0.0269058295964125,0.4166666666666667,0.125,0.0,0.0
Cascade Mountain,Wisconsin,Wisconsin,1280,460,820,0,0,2,2,3,2,3,12,47.0,4.0,1.1,175.0,175.0,120.0,57.0,56.0,64.0,120.0,,16,0.2747991647479387,24.42897276169537,0.0972222222222222,0.0789993416721527,0.0930232558139534,,0.2553191489361702,0.0685714285714285,0.0425531914893617,0.0114285714285714
Christie Mountain,Wisconsin,Wisconsin,1650,350,1300,0,0,0,0,0,1,5,6,30.0,4.0,0.8,45.0,41.0,92.0,43.0,48.0,38.0,120.0,35.0,16,0.2747991647479387,24.42897276169537,0.025,0.0605661619486504,0.0930232558139534,0.0313901345291479,0.2,0.1333333333333333,0.0,0.0
Devils Head,Wisconsin,Wisconsin,995,500,495,0,0,0,3,1,6,2,12,27.0,1.0,1.0,260.0,260.0,110.0,48.0,45.0,65.0,135.0,200.0,16,0.2747991647479387,24.42897276169537,0.1444444444444444,0.0724160631994733,0.0232558139534883,0.179372197309417,0.4444444444444444,0.0461538461538461,0.0,0.0
Grand Geneva,Wisconsin,Wisconsin,1086,211,875,0,0,0,0,0,3,3,6,20.0,1.0,0.2,30.0,30.0,90.0,25.0,25.0,49.0,93.0,30.0,16,0.2747991647479387,24.42897276169537,0.0166666666666666,0.0592495062541145,0.0232558139534883,0.0269058295964125,0.3,0.2,0.0,0.0
Granite Peak Ski Area,Wisconsin,Wisconsin,1942,700,1242,0,1,2,0,2,0,2,7,75.0,4.0,0.6,220.0,160.0,136.0,82.0,75.0,92.0,135.0,200.0,16,0.2747991647479387,24.42897276169537,0.1222222222222222,0.0895325872284397,0.0930232558139534,0.179372197309417,0.0933333333333333,0.0318181818181818,0.0266666666666666,0.009090909090909
Little Switzerland,Wisconsin,Wisconsin,1269,200,1069,0,0,0,0,0,4,4,8,18.0,3.0,1.0,50.0,50.0,,73.0,,41.0,,50.0,16,0.2747991647479387,24.42897276169537,0.0277777777777777,,0.0697674418604651,0.0448430493273542,0.4444444444444444,0.16,0.0,0.0
Mount La Crosse,Wisconsin,Wisconsin,1110,516,594,0,0,0,0,0,3,1,4,19.0,1.0,0.4,100.0,100.0,115.0,60.0,40.0,56.0,100.0,90.0,16,0.2747991647479387,24.42897276169537,0.0555555555555555,0.075707702435813,0.0232558139534883,0.0807174887892376,0.2105263157894736,0.04,0.0,0.0
Nordic Mountain,Wisconsin,Wisconsin,1137,265,872,0,0,0,0,1,1,5,7,18.0,4.0,1.0,60.0,60.0,68.0,43.0,80.0,47.0,90.0,60.0,16,0.2747991647479387,24.42897276169537,0.0333333333333333,0.0447662936142198,0.0930232558139534,0.0538116591928251,0.3888888888888889,0.1166666666666666,0.0,0.0
Sunburst,Wisconsin,Wisconsin,1100,214,866,0,0,0,0,0,3,6,9,13.0,4.0,0.5,37.0,37.0,99.0,59.0,50.0,44.0,115.0,37.0,16,0.2747991647479387,24.42897276169537,0.0205555555555555,0.065174456879526,0.0930232558139534,0.0331838565022421,0.6923076923076923,0.2432432432432432,0.0,0.0
Trollhaugen,Wisconsin,Wisconsin,1200,260,920,0,0,0,2,0,1,5,8,24.0,4.0,0.5,86.0,86.0,130.0,69.0,50.0,54.0,120.0,86.0,16,0.2747991647479387,24.42897276169537,0.0477777777777777,0.0855826201448321,0.0930232558139534,0.0771300448430493,0.3333333333333333,0.0930232558139534,0.0,0.0
Tyrol Basin,Wisconsin,Wisconsin,1160,300,860,0,0,0,0,3,0,2,5,18.0,5.0,0.5,32.0,32.0,112.0,61.0,41.0,48.0,103.0,32.0,16,0.2747991647479387,24.42897276169537,0.0177777777777777,0.0737327188940092,0.1162790697674418,0.0286995515695067,0.2777777777777778,0.15625,0.0,0.0
Whitecap Mountain,Wisconsin,Wisconsin,1750,400,1295,0,0,0,1,0,4,0,5,43.0,1.0,1.0,400.0,300.0,105.0,57.0,200.0,60.0,118.0,,16,0.2747991647479387,24.42897276169537,0.2222222222222222,0.0691244239631336,0.0232558139534883,,0.1162790697674418,0.0125,0.0,0.0
Wilmot Mountain,Wisconsin,Wisconsin,1030,230,800,0,0,0,3,2,2,3,10,23.0,2.0,0.5,135.0,135.0,125.0,81.0,70.0,66.0,139.0,135.0,16,0.2747991647479387,24.42897276169537,0.075,0.0822909809084924,0.0465116279069767,0.1210762331838565,0.4347826086956521,0.074074074074074,0.0,0.0
Grand Targhee Resort,Wyoming,Wyoming,9920,2270,7851,0,0,2,2,0,0,1,5,95.0,1.0,2.7,2602.0,,152.0,50.0,500.0,90.0,152.0,,8,1.382267921535561,8.17887192908918,0.3988962133987429,0.2122905027932961,0.0714285714285714,,0.0526315789473684,0.0019215987701767,0.0210526315789473,0.0007686395080707
Hogadon Basin,Wyoming,Wyoming,8000,640,7400,0,0,0,0,0,1,1,2,28.0,1.0,0.6,92.0,32.0,121.0,61.0,80.0,48.0,95.0,,8,1.382267921535561,8.17887192908918,0.0141039399049517,0.1689944134078212,0.0714285714285714,,0.0714285714285714,0.0217391304347826,0.0,0.0
Sleeping Giant Ski Resort,Wyoming,Wyoming,7428,810,6619,0,0,0,0,1,1,1,3,48.0,1.0,1.0,184.0,18.0,61.0,81.0,310.0,42.0,77.0,,8,1.382267921535561,8.17887192908918,0.0282078798099034,0.0851955307262569,0.0714285714285714,,0.0625,0.0163043478260869,0.0,0.0
Snow King Resort,Wyoming,Wyoming,7808,1571,6237,0,0,0,1,1,1,0,3,32.0,2.0,1.0,400.0,250.0,121.0,80.0,300.0,59.0,123.0,110.0,8,1.382267921535561,8.17887192908918,0.0613214778476161,0.1689944134078212,0.1428571428571428,1.0,0.09375,0.0075,0.0,0.0
Snowy Range Ski & Recreation Area,Wyoming,Wyoming,9663,990,8798,0,0,0,0,1,3,1,5,33.0,2.0,0.7,75.0,30.0,131.0,59.0,250.0,49.0,,,8,1.382267921535561,8.17887192908918,0.011497777096428,0.1829608938547486,0.1428571428571428,,0.1515151515151515,0.0666666666666666,0.0,0.0
White Pine Ski Area,Wyoming,Wyoming,9500,1100,8400,0,0,0,0,2,0,0,2,25.0,,0.4,370.0,,,81.0,150.0,49.0,,,8,1.382267921535561,8.17887192908918,0.0567223670090449,,,,0.08,0.0054054054054054,0.0,0.0
